year,videos_total,videos_with_urls,videos_with_monetization,videos_with_content,videos_with_social,videos_with_entertainment,videos_with_infrastructure,videos_with_news,yt_category
2005,123,17.0,0.0,0.0,1.0,0.0,0.0,0.0,Travel & Events
2006,829,197.0,26.0,65.0,71.0,0.0,36.0,5.0,Travel & Events
2007,4979,1465.0,187.0,407.0,313.0,0.0,290.0,60.0,Travel & Events
2008,11130,3679.0,621.0,734.0,657.0,2.0,543.0,147.0,Travel & Events
2009,21174,8791.0,1858.0,1922.0,2590.0,3.0,2087.0,123.0,Travel & Events
2010,31476,12459.0,1807.0,3164.0,3153.0,8.0,2342.0,348.0,Travel & Events
2011,45701,20320.0,1603.0,5507.0,5489.0,9.0,3781.0,467.0,Travel & Events
2012,67591,30472.0,3744.0,9825.0,9616.0,73.0,6326.0,829.0,Travel & Events
2013,83874,41745.0,4109.0,14106.0,12568.0,439.0,7812.0,512.0,Travel & Events
2014,78988,40545.0,5129.0,14467.0,15654.0,310.0,12862.0,696.0,Travel & Events
2015,127107,77975.0,13851.0,28912.0,55383.0,1786.0,22582.0,2286.0,Travel & Events
2016,135793,83326.0,20520.0,39132.0,53636.0,1621.0,28100.0,2199.0,Travel & Events
2017,160395,103854.0,34037.0,50801.0,60041.0,337.0,32650.0,2133.0,Travel & Events
2018,181124,118943.0,45458.0,55525.0,72761.0,567.0,41523.0,3981.0,Travel & Events
2019,146281,99632.0,38659.0,47311.0,68084.0,487.0,42310.0,2732.0,Travel & Events
2005,63,9.0,0.0,5.0,2.0,1.0,4.0,1.0,Entertainment
2006,6570,1871.0,113.0,222.0,406.0,89.0,300.0,54.0,Entertainment
2007,29878,13055.0,565.0,2854.0,3246.0,130.0,2931.0,595.0,Entertainment
2008,55638,22424.0,973.0,6518.0,5389.0,915.0,6505.0,1730.0,Entertainment
2009,91212,42732.0,3325.0,11593.0,14451.0,2592.0,13006.0,2636.0,Entertainment
2010,153734,73500.0,6768.0,22448.0,27729.0,3094.0,22450.0,5714.0,Entertainment
2011,304094,152090.0,14215.0,62836.0,62690.0,5019.0,52383.0,7308.0,Entertainment
2012,497732,298876.0,29251.0,134354.0,147516.0,11130.0,91981.0,14385.0,Entertainment
2013,634714,401657.0,39451.0,199915.0,235311.0,17432.0,143330.0,22510.0,Entertainment
2014,807142,539924.0,61319.0,258024.0,313265.0,25231.0,208943.0,25917.0,Entertainment
2015,1029927,717339.0,99388.0,374871.0,453791.0,28628.0,321623.0,39800.0,Entertainment
2016,1565403,1181945.0,229061.0,632704.0,806558.0,41507.0,490134.0,53905.0,Entertainment
2017,2176261,1622016.0,328761.0,943505.0,1084249.0,39258.0,668787.0,58196.0,Entertainment
2018,2697068,2022178.0,465051.0,1141106.0,1339619.0,47927.0,842861.0,61171.0,Entertainment
2019,2226961,1698918.0,417881.0,887460.0,1131605.0,31274.0,759099.0,47821.0,Entertainment
2006,1319,398.0,53.0,74.0,108.0,0.0,55.0,19.0,People & Blogs
2007,13672,5822.0,564.0,1216.0,1099.0,3.0,1051.0,154.0,People & Blogs
2008,31167,9987.0,792.0,2469.0,2570.0,47.0,1783.0,326.0,People & Blogs
2009,60399,25590.0,2428.0,5956.0,6683.0,79.0,4427.0,1208.0,People & Blogs
2010,66036,29844.0,2963.0,9060.0,9978.0,199.0,5814.0,1863.0,People & Blogs
2011,97349,48277.0,6101.0,16902.0,21301.0,299.0,12191.0,2952.0,People & Blogs
2012,156526,87387.0,12398.0,32170.0,40422.0,931.0,32562.0,5430.0,People & Blogs
2013,221188,125562.0,20747.0,55704.0,65427.0,2458.0,45841.0,7501.0,People & Blogs
2014,411033,224993.0,40974.0,108572.0,129649.0,2727.0,85112.0,13536.0,People & Blogs
2015,635832,349662.0,69454.0,175025.0,213946.0,3187.0,128659.0,17031.0,People & Blogs
2016,1012489,604201.0,143194.0,331928.0,356116.0,7215.0,225386.0,28916.0,People & Blogs
2017,1411483,860586.0,237861.0,480899.0,502853.0,9566.0,304232.0,27557.0,People & Blogs
2018,1684526,1005911.0,338007.0,546144.0,594407.0,9046.0,352763.0,29261.0,People & Blogs
2019,1107647,711529.0,257999.0,384334.0,414607.0,5978.0,255661.0,18612.0,People & Blogs
2006,37,26.0,0.0,3.0,14.0,0.0,6.0,5.0,Nonprofits & Activism
2007,541,298.0,20.0,57.0,45.0,0.0,55.0,28.0,Nonprofits & Activism
2008,6123,3549.0,230.0,303.0,227.0,2.0,284.0,66.0,Nonprofits & Activism
2009,13577,6400.0,333.0,772.0,772.0,10.0,741.0,147.0,Nonprofits & Activism
2010,21495,10142.0,596.0,1218.0,1606.0,13.0,1599.0,279.0,Nonprofits & Activism
2011,28280,12111.0,595.0,1654.0,2312.0,18.0,1584.0,218.0,Nonprofits & Activism
2012,39107,19644.0,1056.0,3594.0,4600.0,205.0,3485.0,291.0,Nonprofits & Activism
2013,59203,31190.0,1396.0,11476.0,10438.0,137.0,4816.0,304.0,Nonprofits & Activism
2014,70375,28116.0,1924.0,7227.0,8284.0,24.0,4642.0,637.0,Nonprofits & Activism
2015,82187,51480.0,3130.0,24825.0,10012.0,31.0,5971.0,598.0,Nonprofits & Activism
2016,97483,67087.0,4471.0,29366.0,22708.0,18.0,15884.0,751.0,Nonprofits & Activism
2017,118501,75587.0,6219.0,35443.0,24595.0,35.0,13173.0,625.0,Nonprofits & Activism
2018,130403,86276.0,8948.0,42109.0,33215.0,32.0,16931.0,620.0,Nonprofits & Activism
2019,110137,75734.0,11243.0,38208.0,30650.0,25.0,19157.0,1001.0,Nonprofits & Activism
2005,55,5.0,0.0,1.0,0.0,0.0,1.0,0.0,Pets & Animals
2006,603,249.0,16.0,44.0,89.0,0.0,30.0,43.0,Pets & Animals
2007,4173,1096.0,95.0,207.0,194.0,0.0,425.0,183.0,Pets & Animals
2008,6921,2375.0,129.0,492.0,479.0,0.0,872.0,219.0,Pets & Animals
2009,10295,4116.0,456.0,1115.0,956.0,4.0,1226.0,348.0,Pets & Animals
2010,15596,6563.0,819.0,2118.0,1741.0,5.0,2277.0,451.0,Pets & Animals
2011,21037,9467.0,1222.0,2591.0,3087.0,45.0,3306.0,578.0,Pets & Animals
2012,30398,15107.0,1862.0,4350.0,6505.0,20.0,5552.0,477.0,Pets & Animals
2013,38922,20785.0,2396.0,7308.0,9582.0,8.0,6852.0,683.0,Pets & Animals
2014,37009,22559.0,3181.0,8864.0,12783.0,10.0,6536.0,646.0,Pets & Animals
2015,48439,29316.0,3097.0,9609.0,15870.0,20.0,8360.0,736.0,Pets & Animals
2016,66900,41070.0,6419.0,17588.0,21328.0,109.0,13169.0,939.0,Pets & Animals
2017,101161,70205.0,13252.0,30737.0,32805.0,105.0,22542.0,1592.0,Pets & Animals
2018,145417,94581.0,21825.0,32366.0,46709.0,268.0,31287.0,2855.0,Pets & Animals
2019,118582,74244.0,16613.0,24213.0,35328.0,58.0,22697.0,1691.0,Pets & Animals
2005,10,8.0,2.0,1.0,3.0,3.0,4.0,1.0,Music
2006,4675,2288.0,428.0,347.0,790.0,4.0,738.0,236.0,Music
2007,22956,10167.0,1090.0,2231.0,3903.0,6.0,2625.0,938.0,Music
2008,51183,21963.0,2848.0,4829.0,8260.0,93.0,6005.0,1992.0,Music
2009,116200,54013.0,6876.0,15191.0,22882.0,261.0,17733.0,4979.0,Music
2010,174585,82066.0,10684.0,25114.0,32455.0,309.0,27872.0,10073.0,Music
2011,285111,145114.0,20313.0,49744.0,66260.0,266.0,47350.0,12260.0,Music
2012,404498,238955.0,35688.0,97071.0,123960.0,503.0,82741.0,17552.0,Music
2013,521508,334743.0,50618.0,152632.0,184106.0,1003.0,121124.0,20805.0,Music
2014,653974,440914.0,60822.0,209126.0,269238.0,1201.0,179394.0,25786.0,Music
2015,795565,556422.0,80966.0,302127.0,356773.0,3205.0,234934.0,31801.0,Music
2016,1012825,728162.0,112398.0,416491.0,470521.0,3683.0,307998.0,40570.0,Music
2017,1320471,949318.0,153929.0,549530.0,626568.0,6132.0,405531.0,45585.0,Music
2018,1612171,1087263.0,210006.0,634416.0,733537.0,6620.0,474862.0,50890.0,Music
2019,1329271,796108.0,165051.0,473486.0,539905.0,4801.0,368148.0,34729.0,Music
2005,7,1.0,0.0,0.0,1.0,0.0,1.0,0.0,News & Politics
2006,1317,349.0,14.0,73.0,51.0,1.0,66.0,21.0,News & Politics
2007,14360,3683.0,199.0,560.0,368.0,1.0,575.0,267.0,News & Politics
2008,25270,9089.0,167.0,903.0,667.0,1.0,1203.0,768.0,News & Politics
2009,67463,17526.0,711.0,1473.0,3466.0,40.0,3323.0,1749.0,News & Politics
2010,97464,23374.0,1401.0,3361.0,5932.0,45.0,4241.0,2257.0,News & Politics
2011,169560,43092.0,1985.0,6776.0,13822.0,118.0,8810.0,5016.0,News & Politics
2012,246839,76775.0,3624.0,14036.0,26230.0,1917.0,21066.0,13144.0,News & Politics
2013,349808,125974.0,15602.0,34945.0,45214.0,1020.0,36662.0,18851.0,News & Politics
2014,460032,195563.0,21876.0,69906.0,101947.0,355.0,75404.0,25955.0,News & Politics
2015,596981,316352.0,29337.0,111207.0,185291.0,448.0,147724.0,35268.0,News & Politics
2016,873908,470327.0,45939.0,172854.0,302744.0,4423.0,216348.0,49138.0,News & Politics
2017,1290183,731850.0,79393.0,242818.0,497074.0,5236.0,284162.0,68314.0,News & Politics
2018,2120989,1258286.0,187238.0,492943.0,966315.0,4025.0,553081.0,97901.0,News & Politics
2019,2566841,1741083.0,335218.0,716073.0,1405478.0,2298.0,831429.0,83985.0,News & Politics
2005,3,0.0,0.0,0.0,0.0,0.0,0.0,0.0,Autos & Vehicles
2006,1421,792.0,37.0,37.0,120.0,0.0,261.0,15.0,Autos & Vehicles
2007,7366,3227.0,111.0,426.0,967.0,63.0,572.0,65.0,Autos & Vehicles
2008,18476,8447.0,326.0,770.0,1310.0,24.0,2703.0,215.0,Autos & Vehicles
2009,35480,14722.0,1456.0,3005.0,2853.0,25.0,3131.0,332.0,Autos & Vehicles
2010,59593,26618.0,1466.0,3838.0,4685.0,80.0,6489.0,160.0,Autos & Vehicles
2011,88574,42843.0,3107.0,9642.0,11482.0,95.0,11480.0,523.0,Autos & Vehicles
2012,135684,70526.0,5785.0,18607.0,25957.0,142.0,17205.0,1490.0,Autos & Vehicles
2013,162838,88078.0,7010.0,33076.0,37980.0,342.0,23317.0,1409.0,Autos & Vehicles
2014,186404,104330.0,12674.0,40228.0,48283.0,503.0,29698.0,1859.0,Autos & Vehicles
2015,258044,172977.0,17466.0,53382.0,113758.0,1002.0,39543.0,2872.0,Autos & Vehicles
2016,260582,165476.0,29395.0,74528.0,92607.0,779.0,57443.0,5010.0,Autos & Vehicles
2017,345724,220875.0,46205.0,97446.0,118773.0,806.0,70547.0,6409.0,Autos & Vehicles
2018,385196,263679.0,66525.0,106074.0,132307.0,753.0,81935.0,6557.0,Autos & Vehicles
2019,311582,228232.0,59222.0,80631.0,106283.0,659.0,63998.0,5258.0,Autos & Vehicles
2005,20,6.0,0.0,3.0,0.0,0.0,2.0,0.0,Howto & Style
2006,1194,583.0,101.0,50.0,133.0,1.0,166.0,17.0,Howto & Style
2007,8925,4870.0,538.0,899.0,745.0,3.0,1097.0,167.0,Howto & Style
2008,26063,15148.0,1192.0,3054.0,2825.0,65.0,3602.0,491.0,Howto & Style
2009,42771,26539.0,2899.0,6417.0,7286.0,211.0,8931.0,1612.0,Howto & Style
2010,67351,46383.0,6911.0,14157.0,14817.0,244.0,16711.0,2925.0,Howto & Style
2011,108199,73403.0,11831.0,26330.0,33005.0,277.0,26098.0,2974.0,Howto & Style
2012,180681,135329.0,25170.0,56147.0,68437.0,784.0,55289.0,5312.0,Howto & Style
2013,246132,196258.0,34353.0,95269.0,110300.0,1533.0,95159.0,6601.0,Howto & Style
2014,293392,240237.0,51546.0,120330.0,146563.0,1342.0,123074.0,9338.0,Howto & Style
2015,380797,317974.0,73821.0,166093.0,194200.0,1373.0,158752.0,11019.0,Howto & Style
2016,523933,436275.0,119695.0,239042.0,270845.0,1534.0,228151.0,13610.0,Howto & Style
2017,702145,590474.0,189674.0,329808.0,367514.0,4527.0,293181.0,14876.0,Howto & Style
2018,791664,665634.0,240816.0,369507.0,416769.0,8712.0,323401.0,15327.0,Howto & Style
2019,594860,501046.0,188507.0,277005.0,318298.0,6125.0,253142.0,9498.0,Howto & Style
2005,3,0.0,0.0,0.0,0.0,0.0,0.0,0.0,Science & Technology
2006,90,54.0,16.0,1.0,9.0,0.0,6.0,0.0,Science & Technology
2007,3083,2278.0,92.0,263.0,129.0,1.0,159.0,57.0,Science & Technology
2008,17317,8952.0,774.0,1453.0,1330.0,3.0,1897.0,516.0,Science & Technology
2009,32539,16708.0,1885.0,2685.0,3900.0,26.0,3922.0,897.0,Science & Technology
2010,52310,28250.0,3528.0,5480.0,7276.0,20.0,7506.0,845.0,Science & Technology
2011,83395,48183.0,6761.0,12542.0,16811.0,87.0,15683.0,1364.0,Science & Technology
2012,125864,73057.0,12008.0,23394.0,29900.0,300.0,27157.0,3354.0,Science & Technology
2013,168943,107370.0,18188.0,35496.0,42846.0,642.0,42920.0,5122.0,Science & Technology
2014,186324,127258.0,25478.0,48734.0,51924.0,529.0,52781.0,6162.0,Science & Technology
2015,220923,155944.0,35986.0,59654.0,69847.0,1174.0,67347.0,8314.0,Science & Technology
2016,281005,205839.0,54695.0,82989.0,100559.0,972.0,86813.0,9837.0,Science & Technology
2017,390603,301642.0,97122.0,141437.0,159717.0,1391.0,128135.0,12021.0,Science & Technology
2018,476513,368926.0,140457.0,168463.0,204010.0,1709.0,168020.0,15185.0,Science & Technology
2019,364092,289742.0,111671.0,131560.0,165357.0,848.0,130621.0,10147.0,Science & Technology
2005,29,14.0,0.0,2.0,1.0,1.0,8.0,1.0,Comedy
2006,1813,643.0,71.0,240.0,203.0,17.0,112.0,55.0,Comedy
2007,5694,2254.0,270.0,909.0,668.0,90.0,537.0,381.0,Comedy
2008,9555,4197.0,771.0,2057.0,1609.0,153.0,1020.0,573.0,Comedy
2009,14795,7392.0,969.0,3328.0,3539.0,457.0,1931.0,1288.0,Comedy
2010,18945,9606.0,1257.0,4776.0,4771.0,503.0,2819.0,1393.0,Comedy
2011,32902,17758.0,3069.0,8669.0,10281.0,787.0,6051.0,2115.0,Comedy
2012,50393,26972.0,3982.0,14674.0,17169.0,2211.0,9145.0,2604.0,Comedy
2013,68485,39361.0,6033.0,21824.0,25434.0,1849.0,13952.0,3589.0,Comedy
2014,90952,56411.0,8992.0,33100.0,40380.0,1465.0,22094.0,5552.0,Comedy
2015,124527,74244.0,15018.0,42847.0,52705.0,3491.0,29271.0,7165.0,Comedy
2016,164941,98481.0,22944.0,59151.0,67271.0,2878.0,39254.0,6515.0,Comedy
2017,212665,126351.0,34762.0,72288.0,85802.0,2733.0,50733.0,6395.0,Comedy
2018,224823,137355.0,37463.0,74066.0,92899.0,1978.0,54490.0,6527.0,Comedy
2019,151984,105061.0,31602.0,60463.0,69343.0,1578.0,45466.0,6050.0,Comedy
2005,7,0.0,0.0,0.0,0.0,0.0,0.0,0.0,Education
2006,169,97.0,10.0,19.0,22.0,0.0,27.0,3.0,Education
2007,2314,1244.0,258.0,307.0,121.0,1.0,188.0,46.0,Education
2008,22799,11776.0,4506.0,1915.0,1099.0,2.0,1383.0,148.0,Education
2009,41520,21423.0,3381.0,4303.0,3133.0,30.0,4314.0,452.0,Education
2010,74632,39246.0,6758.0,8740.0,8314.0,52.0,9141.0,800.0,Education
2011,120596,65052.0,10774.0,17958.0,14205.0,44.0,15395.0,1207.0,Education
2012,169777,99364.0,17329.0,27955.0,24201.0,327.0,22373.0,1631.0,Education
2013,216381,132849.0,23495.0,36946.0,39917.0,2659.0,30252.0,2464.0,Education
2014,255626,159912.0,29144.0,51207.0,54783.0,440.0,45016.0,3419.0,Education
2015,326137,220831.0,42443.0,78743.0,79237.0,976.0,63810.0,4677.0,Education
2016,446510,306033.0,73108.0,125944.0,121672.0,814.0,105576.0,8882.0,Education
2017,660003,485948.0,144457.0,213262.0,226670.0,1226.0,185537.0,11612.0,Education
2018,854858,663884.0,195638.0,294786.0,311816.0,2226.0,245533.0,13386.0,Education
2019,604235,468216.0,166932.0,235787.0,245639.0,1284.0,191126.0,11748.0,Education
2005,3,1.0,0.0,1.0,0.0,0.0,0.0,0.0,Sports
2006,1931,787.0,78.0,58.0,77.0,0.0,67.0,11.0,Sports
2007,11443,3413.0,669.0,417.0,428.0,521.0,445.0,61.0,Sports
2008,23328,9146.0,1231.0,870.0,1305.0,964.0,1338.0,251.0,Sports
2009,45629,18331.0,2117.0,1941.0,2278.0,981.0,2515.0,417.0,Sports
2010,82347,27332.0,1974.0,4744.0,5887.0,322.0,5197.0,426.0,Sports
2011,137547,52083.0,4815.0,11114.0,15726.0,1195.0,14020.0,1148.0,Sports
2012,219892,97834.0,9906.0,29333.0,39561.0,2803.0,30235.0,3110.0,Sports
2013,287302,144904.0,15844.0,49040.0,70902.0,5234.0,43756.0,6395.0,Sports
2014,330836,179731.0,20721.0,69086.0,100367.0,9246.0,63537.0,7027.0,Sports
2015,435426,257952.0,32972.0,103323.0,153635.0,13884.0,97579.0,6785.0,Sports
2016,545189,328519.0,39258.0,131206.0,194982.0,12897.0,121088.0,11100.0,Sports
2017,687902,437542.0,63799.0,174015.0,268311.0,13720.0,164652.0,11883.0,Sports
2018,861920,574477.0,106342.0,220995.0,376588.0,21870.0,229254.0,26236.0,Sports
2019,683717,460439.0,89878.0,180214.0,303848.0,21248.0,179430.0,23252.0,Sports
2006,301,108.0,40.0,48.0,43.0,3.0,33.0,0.0,Gaming
2007,4069,2028.0,1328.0,764.0,207.0,73.0,964.0,19.0,Gaming
2008,25312,9936.0,1466.0,2982.0,2466.0,966.0,3270.0,219.0,Gaming
2009,86693,31237.0,2401.0,11360.0,8414.0,2150.0,8731.0,563.0,Gaming
2010,141462,58874.0,6331.0,22413.0,18266.0,2458.0,13034.0,1301.0,Gaming
2011,290048,161360.0,18377.0,73850.0,74861.0,15168.0,44490.0,6703.0,Gaming
2012,509309,335388.0,40046.0,181513.0,209638.0,30265.0,102776.0,17347.0,Gaming
2013,833420,633944.0,91530.0,376999.0,452301.0,59409.0,229425.0,39375.0,Gaming
2014,1146869,941946.0,203053.0,577722.0,708948.0,94683.0,412080.0,64666.0,Gaming
2015,1512749,1263173.0,378726.0,787500.0,951432.0,135679.0,571240.0,82942.0,Gaming
2016,2035816,1716077.0,603562.0,1029184.0,1299970.0,177415.0,759674.0,89429.0,Gaming
2017,2478332,2105389.0,802496.0,1248837.0,1578443.0,226970.0,913201.0,85011.0,Gaming
2018,2641479,2283730.0,906756.0,1327323.0,1705853.0,224112.0,1003610.0,72483.0,Gaming
2019,2014444,1748977.0,663286.0,1044555.0,1324025.0,148289.0,756543.0,41511.0,Gaming
2005,9,1.0,0.0,0.0,0.0,0.0,0.0,0.0,Film & Animation
2006,1025,449.0,79.0,101.0,175.0,0.0,102.0,47.0,Film & Animation
2007,3795,1593.0,191.0,431.0,248.0,13.0,318.0,60.0,Film & Animation
2008,7751,3524.0,377.0,622.0,590.0,34.0,1053.0,171.0,Film & Animation
2009,14809,7610.0,805.0,1790.0,2220.0,95.0,2096.0,494.0,Film & Animation
2010,28327,14453.0,1234.0,4122.0,5655.0,220.0,4112.0,921.0,Film & Animation
2011,62429,39037.0,10190.0,14611.0,22456.0,399.0,21020.0,1148.0,Film & Animation
2012,91988,57822.0,6054.0,21699.0,27953.0,2003.0,28524.0,1751.0,Film & Animation
2013,125449,80630.0,7047.0,31515.0,39466.0,2828.0,30925.0,2627.0,Film & Animation
2014,170831,120377.0,12115.0,52665.0,57862.0,2903.0,48424.0,3489.0,Film & Animation
2015,233288,158553.0,21581.0,77644.0,84275.0,7686.0,72258.0,7015.0,Film & Animation
2016,329656,220996.0,38588.0,114518.0,118017.0,8261.0,96859.0,10943.0,Film & Animation
2017,430470,287600.0,56443.0,159347.0,151319.0,10540.0,113324.0,15240.0,Film & Animation
2018,467608,320182.0,71367.0,175436.0,164981.0,9052.0,126335.0,14447.0,Film & Animation
2019,392301,275021.0,62248.0,126215.0,122557.0,5536.0,133304.0,8476.0,Film & Animation
