domain,count,category
youtube.com,804545,content/video
twitter.com,343423,social_media
facebook.com,266377,social_media
instagram.com,194672,social_media
amzn.to,170338,monetization/affiliates
youtu.be,107816,content/video
patreon.com,88796,monetization/direct
twitch.tv,55738,social_media
soundcloud.com,38511,content/music
smarturl.it,30237,url_shorteners
discord.gg,27383,social_media
amazon.com,25300,monetization/affiliates
plus.google.com,24389,social_media
itunes.apple.com,23375,monetization/stores
pinterest.com,20178,social_media
amazon.de,18224,monetization/affiliates
play.google.com,17544,monetization/stores
reddit.com,17478,social_media
teespring.com,14699,monetization/merch
foxs.pt,13768,non-existing site
po.st,12927,url_shorteners
on.today.com,12022,news
creativecommons.org,11569,legal/reference
open.spotify.com,10711,content/music
apple.co,10541,other
wsj.com,10317,news
at.nick.com,9704,other
on.fb.me,8537,social_media
steamcommunity.com,7997,gaming
goo.gl,7509,unsure
google.com,6583,legal/reference
incompetech.com,6519,content/music
ocw.mit.edu,6456,monetization/courses
paypal.me,6406,monetization/direct
en.wikipedia.org,6350,legal/reference
oxhorn.it,6347,content/portfolios
linustechtips.com,6102,other
nbc.com,5810,news
spoti.fi,5737,content/music
studyiq.com,5413,monetization/courses
win.gs,5409,url_shorteners
store.steampowered.com,5347,monetization/stores
snapchat.com,5196,social_media
fkrt.it,4908,url_shorteners
epidemicsound.com,4803,content/music
nexusmods.com,4774,other
docs.google.com,4764,utils
mlb.mlb.com,4674,news
redirect.viglink.com,4648,url_shorteners
store.roosterteeth.com,4604,monetization/stores
fb.com,4428,social_media
commons.wikimedia.org,4314,legal/reference
nbcsports.com,4127,news
eduonix.com,4110,monetization/courses
history.com,4078,legal/reference
on.wsj.com,3899,news
paypal.com,3801,monetization/direct
movieclipsdotcom.tumblr.com,3752,content/video
ncbi.nlm.nih.gov,3384,legal/reference
roosterteeth.com,3234,content/video
dw.com,3227,news
nas.cr,3201,unsure
github.com,3178,legal/reference
kit.com,3168,monetization/affiliates
squarespace.com,3089,monetization/sponsors
instagr.am,3086,social_media
nesoacademy.org,3076,content/video
skl.sh,3004,url_shorteners
amazon.co.uk,2996,monetization/affiliates
eepurl.com,2933,url_shorteners
nbcsnl.tumblr.com,2918,social_media
dw.de,2916,news
rover.ebay.com,2755,monetization/stores
shop.spreadshirt.com,2742,monetization/merch
linkedin.com,2683,social_media
click.linksynergy.com,2601,monetization/affiliates
get-asp.com,2539,unsure
jtmch.co,2517,unsure
collegehumor.com,2458,entertainement
clevver.com,2429,entertainement
ted.com,2413,content/video
vimeo.com,2397,content/video
tasvideos.org,2333,content/video
lon.tv,2247,content/video
discordapp.com,2237,social_media
banggood.com,2234,monetization/stores
audiomicro.com,2165,content/music
full.sc,2142,url_shorteners
audible.com,2139,content/music
202.87.41.148,2116,unsure
store.dftba.com,2111,monetization/stores
thd.co,2058,url_shorteners
fandangonow.com,2057,content/video
imgur.com,2046,other
g2a.com,2041,monetization/affiliates
carwow.co.uk,2025,other
cbcnews.ca,1998,news
thedo.do,1966,url_shorteners
wscrk.com,1953,unsure
bhpho.to,1944,url_shorteners
crowdmade.com,1942,monetization/merch
sprtsnt.ca,1909,entertainement
rstyle.me,1877,monetization/affiliates
app.adjust.com,1869,utils
designbyhumans.com,1862,monetization/merch
got.cr,1830,url_shorteners
pgatourlive.com,1811,content/video
t.co,1810,url_shorteners
pgatour.com,1792,unsure
pgatoursuperstore.com,1787,monetization/stores
pgat.us,1787,url_shorteners
redbubble.com,1783,monetization/merch
thefa.com,1767,other
robotchallenger.com,1756,unsure
emergencyawesome.com,1749,entertainement
mlb.com,1740,entertainement
drive.google.com,1722,utils
vine.co,1720,content/video
cbc.ca,1716,news
ncs.io,1713,content/music
streamlabs.com,1709,utils
try.media,1700,unsure
geo.itunes.apple.com,1683,content/music
flickr.com,1678,social_media
bhphotovideo.com,1665,monetization/stores
gaana.com,1635,content/music
share.epidemicsound.com,1630,content/music
vevo.ly,1624,content/video
mediafire.com,1609,utils
go.magik.ly,1580,url_shorteners
unacademy.com,1578,monetization/courses
nintendo.com,1575,gaming
a.co,1560,monetization/affiliates
e.lga.to,1542,url_shorteners
deviantart.com,1533,content/portfolios
y2u.be,1522,content/video
mlssoccer.com,1515,news
sharkrobot.com,1514,monetization/stores
realmenrealstyle.com,1500,content/video
buzzfeed.com,1496,entertainement
etsy.com,1474,monetization/stores
gcn.eu,1461,unsure
peteandpedro.com,1440,monetization/stores
fb.me,1414,social_media
gearbest.com,1410,monetization/stores
vk.com,1401,social_media
represent.com,1401,monetization/stores
hatfil.ms,1395,unsure
marvelentertainment.tumblr.com,1365,social_media
tubebuddy.com,1356,utils
teamcoco.com,1334,content/video
hungama.com,1333,content/music
cbs.com,1320,entertainement
smo.sh,1320,url_shorteners
wynk.in,1312,content/music
ask.fm,1302,social_media
shrsl.com,1297,url_shorteners
bit.do,1287,url_shorteners
pastebin.com,1276,utils
anrdoezrs.net,1252,url_shorteners
t.me,1248,social_media
help.tc,1245,unsure
saavn.com,1226,content/music
1aau.to,1225,url_shorteners
tumblr.com,1181,social_media
bbc.com,1163,news
theguardian.com,1161,news
lmg.gg,1155,url_shorteners
ebay.to,1141,monetization/stores
ko-fi.com,1133,monetization/direct
aetv.us,1125,entertainement
watchmojo.com,1120,content/video
gamegrumps.com,1120,content/video
brk.cm,1119,url_shorteners
artstation.com,1117,content/portfolios
surrenderat20.net,1110,gaming
babybus.com,1108,content/video
teepublic.com,1106,monetization/merch
deezer.com,1093,content/music
shop.maker.tv,1091,monetization/stores
rosannapansino.com,1085,other
skyrim.nexusmods.com,1084,gaming
gleam.io,1080,utils
dollarshaveclub.com,1077,monetization/stores
bit.ly,1074,url_shorteners
1shirt.com,1073,monetization/merch
roblox.com,1073,gaming
link.singking.com,1071,url_shorteners
mcfc.co.uk,1063,entertainement
play.spotify.com,1053,content/music
pbs.org,1052,news
freesound.org,1052,content/music
chillblast.com,1051,monetization/stores
freesfx.co.uk,1038,content/music
brilliant.org,1036,monetization/courses
national-lottery.co.uk,1034,other
lastmomenttuitions.com,1033,monetization/courses
bensound.com,1028,content/music
machinimasound.com,1019,content/music
calcur.tech,1016,other
gamersnexus.net,1013,other
trutv.com,1003,entertainement
redbull.com,1000,other
hardwarecanucks.com,999,other
isha.sadhguru.org,999,other
frdr.us,983,url_shorteners
fox.tv,980,content/video
lnk.to,963,url_shorteners
gumroad.com,963,monetization/stores
theneedledrop.com,953,content/music
bravo.ly,941,url_shorteners
nickelodeon.tumblr.com,929,social_media
gaming.youtube.com,924,content/video
rodeoarcade.com,921,gaming
metathreads.com,921,unsure
howtocookthat.net,920,other
playhearthstone.com,911,gaming
collegehumor.tumblr.com,910,social_media
yogsca.st,908,url_shorteners
bbc.in,891,news
wapo.st,889,news
queen.lnk.to,883,url_shorteners
tiege.com,883,monetization/stores
geni.us,883,monetization/affiliates
pixiv.net,882,content/portfolios
trdd.us,878,url_shorteners
theverge.com,868,news
jacksepticeye.fanfiber.com,868,monetization/direct
powerpyx.com,867,gaming
nytimes.com,866,news
dftba.com,866,monetization/stores
khanacademy.org,866,monetization/courses
bbc.co.uk,856,news
un.org,847,legal/reference
audionautix.com,840,content/music
nordvpn.com,839,monetization/sponsors
nbctv.tumblr.com,836,social_media
amara.org,835,utils
cloranhastings.com,831,other
udemy.com,822,monetization/courses
rzr.to,817,url_shorteners
bafta.org,817,entertainement
younow.com,805,social_media
deeplink-bh.datafeedfile.com,804,other
gentl.mn,803,url_shorteners
bluemic.com,801,other
geekandsundry.com,798,content/video
bitly.com,795,url_shorteners
forum.nesoacademy.org,787,other
thecrashcourse.tumblr.com,787,social_media
microsoft.com,785,other
abc.go.com,785,news
monster.cat,783,other
mlb.tv,779,content/video
rbigame.com,779,unsure
mlbshop.com,779,monetization/stores
dropbox.com,778,utils
i.imgur.com,768,other
sportsnet.ca,764,news
erosnow.com,764,content/video
cc.com,759,unsure
edureka.co,756,monetization/courses
sonyliv.com,753,content/video
kexp.org,753,content/music
cs.co,750,url_shorteners
fiaformulae.com,744,entertainement
cut.com,740,content/video
imdb.com,739,legal/reference
premiumbeat.com,731,content/music
muscularstrength.com,714,unsure
escapistmagazine.com,704,gaming
hyperurl.co,699,url_shorteners
dailymotion.com,698,content/video
districtlines.com,695,monetization/merch
calebcurry.com,693,other
found.ee,692,url_shorteners
vox.com,692,news
sellfy.com,691,monetization/stores
bigstockphoto.com,690,utils
epidemicsound.com),689,content/music
intellipaat.com,681,monetization/courses
music.apple.com,681,content/music
digitalrev.com,663,monetization/stores
wired.com,663,news
kickstarter.com,662,other
flyt.it,660,url_shorteners
itun.es,657,url_shorteners
theyetee.com,650,monetization/stores
nbcnews.to,650,news
s.click.aliexpress.com,650,monetization/affiliates
goodmorningamerica.com,648,news
cinecom.net,641,content/video
minds.com,639,social_media
clik.cc,638,url_shorteners
go.att.com,638,url_shorteners
unwebtv.live,637,unsure
briteccomputers.co.uk,636,monetization/stores
iamalpham.com,627,content/portfolios
chillhop.bandcamp.com,627,content/music
nature.com,626,legal/reference
lcpdfr.com,624,gaming
teamcoco.tumblr.com,624,social_media
skysports.com,624,news
rigb.org,622,legal/reference
gplus.to,621,url_shorteners
adultswim.com,621,entertainement
scishow.tumblr.com,620,social_media
byutv.org,619,content/video
sciencedirect.com,617,legal/reference
marvel.com,615,entertainement
itv.com,613,content/video
vinesauce.com,613,content/video
flowkey.com,612,monetization/courses
shareasale.com,610,monetization/affiliates
low.es,609,unsure
shop.pewdiepie.com,608,monetization/stores
online.wsj.com,608,news
gofundme.com,608,monetization/direct
gamesdonequick.com,601,gaming
official.men,599,unsure
store.rossmanngroup.com,597,monetization/stores
shop.bbtv.com,595,monetization/stores
adorama.evyy.net,594,monetization/affiliates
scantraxx.com,593,content/music
catmusic.ro,591,content/music
worldarchery.org,587,legal/reference
greatbigstory.com,586,content/video
store.gamersnexus.net,584,monetization/stores
clips.twitch.tv,581,social_media
share.media.jio.com,580,utils
vanoss.3blackdot.com,573,unsure
wrd.cm,573,url_shorteners
jogwheel.com,570,unsure
crunchyroll.com,569,content/video
aminoapps.com,566,social_media
fanatec.com,565,monetization/stores
mythical.com,564,gaming
onelink.to,564,url_shorteners
trak.in,562,news
fiba3x3.com,561,entertainement
astore.amazon.com,560,monetization/affiliates
blindwave.net,559,entertainement
ironsidecomputers.com,557,monetization/stores
istockphoto.com,557,content/portfolios
nblast.de,557,unsure
getfpv.com,555,monetization/stores
thebreakdown.xyz,555,unsure
cnb.cx,555,url_shorteners
behance.net,554,content/portfolios
cartoonnetworkasia.com,554,entertainement
rhettandlinkommunity.com,553,other
lootcrate.com,553,monetization/sponsors
joinhoney.com,551,monetization/affiliates
pcdeal.tv,548,monetization/affiliates
lavimoniereplumbingandheating.com,547,other
video.adultswim.com,544,content/video
nascar.com,544,news
loudr.fm,542,content/music
archery.tv,541,content/video
chriszabriskie.com,540,content/music
saregama.com,538,content/music
xgames.com,537,entertainement
monstercat.com,537,content/music
cartoonnetwork.co.uk,534,entertainement
to.pbs.org,533,news
royaltyfreemusiclibrary.com,532,content/music
smosh.com,527,entertainement
minecraftforum.net,526,gaming
humblebundle.com,525,monetization/stores
twinmusicom.org,524,content/music
fanlink.to,518,url_shorteners
beatport.com,514,content/music
wembleystadium.com,514,entertainement
feeds.feedburner.com,513,utils
dlytkk.co,511,url_shorteners
jiosaavn.com,508,content/music
gamegrumps.fanfiber.com,505,monetization/stores
books.google.com,504,legal/reference
gog.com,502,monetization/stores
thingiverse.com,502,other
m.facebook.com,501,social_media
xgam.es,500,gaming
jukinmedia.com,500,content/video
archive.org,499,unsure
channelawesome.com,496,entertainement
cameo.com,496,monetization/direct
rhettandlink.com,496,other
bbcworldwide.com,495,news
thescene.com,494,news
athleanx.com,493,monetization/courses
vogue.com,492,news
support.google.com,491,legal/reference
superbestfriendsplay.com,490,gaming
alpham.com,489,monetization/stores
ebay.com,488,monetization/stores
spinninrecords.com,488,content/music
atopthefourthwall.com,488,content/video
rhettandlink.tumblr.com,488,social_media
drivethrurpg.com,487,monetization/stores
tidd.ly,485,url_shorteners
vogue.tumblr.com,485,social_media
dashlane.com,484,monetization/sponsors
englishclass101.com,484,monetization/courses
expressvpn.com,483,monetization/sponsors
jordanbpeterson.com,481,other
giphy.com,480,content/video
curiositystream.com,480,content/video
digitaltwigs.com,478,unsure
1.envato.market,477,monetization/stores
go.nowth.is,477,url_shorteners
shrutiarjunanand.com,476,unsure
stitcher.com,475,content/music
scp-wiki.net,474,legal/reference
explosm.net,471,entertainement
pewdiepie.spreadshirt.com,471,monetization/merch
adorama.com,468,monetization/stores
dro.ps,468,url_shorteners
ncix.com,466,monetization/stores
artlist.io,464,content/music
wix.com,464,utils
atlantic.lnk.to,464,url_shorteners
ri-science.tumblr.com,461,social_media
proko.com,461,monetization/courses
rigb1.secure.force.com,458,unsure
achievementhunter.roosterteeth.com,456,gaming
nba.com,456,entertainement
tomscott.com,455,unsure
vinwiki.com,455,other
bensound.com),450,content/music
newgrounds.com,449,gaming
mondomedia.com,447,other
gobc.tv,447,content/video
itunes.com,447,content/music
clickserve.dartsearch.net,446,utils
aminoapps.onelink.me,442,url_shorteners
fanjoy.co,440,monetization/merch
store.yogscast.com,438,monetization/stores
aws.amazon.com,438,monetization/affiliates
thisoldhouse.tumblr.com,438,social_media
frt9.co,437,url_shorteners
electronoobs.com,435,unsure
howdoesacarwork.com,434,legal/reference
mtv.com,433,entertainement
theschooloflife.com,433,other
nasa.gov,432,unsure
modworkshop.net,431,gaming
audibletrial.com,429,monetization/affiliates
cartn.co,427,unsure
thisoldhouse.com,427,other
mixcloud.com,426,content/music
theinfographicsshow.com,426,content/video
businessinsider.com,425,news
asw.im,422,unsure
chrisstuckmann.com,421,other
madonna.lnk.to,419,url_shorteners
standard.tv,419,content/video
aaronmarino.com,418,other
bitchute.com,418,content/video
gta5-mods.com,417,gaming
gamewisp.com,417,monetization/direct
music.amazon.in,417,content/music
quora.com,417,legal/reference
etrailer.com,415,monetization/stores
learnex.in,414,unsure
effyeahnerdfighters.com,414,other
mnot.es,413,unsure
cafepress.com,409,monetization/merch
cinemassacre.com,408,content/video
bodybuilding.7eer.net,408,unsure
kipkay.com,407,content/video
player.epidemicsound.com,407,content/music
vid.me,405,content/video
christitus.com,405,unsure
arxiv.org,404,legal/reference
researchgate.net,404,other
voltlog.com,402,unsure
kephrii.com,402,unsure
web.archive.org,402,utils
worldstarhiphop.com,399,entertainement
shop.crowdmade.com,398,monetization/merch
fail.army,398,content/video
qi.com,397,unsure
pcpartpicker.com,395,other
shop.worldstarhiphop.com,394,monetization/stores
audiojungle.net,393,content/music
splitreason.com,391,monetization/stores
myspace.com,388,social_media
developers.google.com,388,legal/reference
twosetviolin.com,387,content/portfolios
anchor.fm,385,other
go.lprk.co,384,url_shorteners
planzero.co,384,unsure
99l.tv,383,unsure
tasty.co,382,content/video
coursehero.com,381,monetization/courses
wired.tumblr.com,380,news
yogscast.com,380,gaming
medium.com,378,other
professordaveexplains.com,374,content/video
avantlink.com,374,monetization/affiliates
tsuki-co-uk.myshopify.com,372,monetization/stores
gamejolt.com,372,gaming
topgear.com,372,entertainement
g.co,371,unsure
mancity.com,371,other
deeplizard.com,371,monetization/courses
mrmobile.tech,371,other
cleverprogrammer.io,370,monetization/courses
washingtonpost.com,370,news
yourmomshousepodcast.com,369,entertainement
metaljesusrocks.com,369,other
trutv.tumblr.com,366,social_media
gfuel.com,366,monetization/sponsors
onlinelibrary.wiley.com,365,legal/reference
c9.gg,365,unsure
freemusicarchive.org,365,content/music
bunkerbranding.com,364,other
distrokid.com,364,content/music
lifenogg.in,364,unsure
skillshare.eqcm.net,364,url_shorteners
subscribestar.com,364,monetization/sponsors
bzfd.it,364,entertainement
sj.plus,364,unsure
reverb.grsm.io,364,url_shorteners
bonfire.com,364,monetization/merch
cocomelon.com,363,content/video
hooksounds.com,363,content/music
jazzastudios.com,363,other
plays.tv,363,content/video
lloydianaspects.co.uk,363,other
share.mscbd.fm,362,unsure
upload.wikimedia.org,362,utils
thefutur.com,361,monetization/courses
canada.clutchchairz.com,360,monetization/stores
todayifoundout.com,360,legal/reference
usa.clutchchairz.com,360,monetization/stores
europe.clutchchairz.com,360,monetization/stores
jlcpcb.com,360,other
channel4.com,359,content/video
antscanada.com,358,monetization/stores
go.onelink.me,358,url_shorteners
fave.co,356,url_shorteners
motoloot.com,356,unsure
fox.co,354,url_shorteners
bradyharanblog.com,354,other
chrono.gg,354,monetization/stores
firstwefeast.com,354,entertainement
waitrose.com,353,monetization/stores
freshbooks.com,353,utils
applepodcasts.com,353,unsure
fbereact.com,352,unsure
colbertlateshow.com,352,entertainement
dpbolvw.net,351,unsure
creepypasta.wikia.com,351,legal/reference
merchmethod.com,351,monetization/merch
reallifeglobal.com,351,other
ocremix.org,350,content/music
carthrottle.com,350,news
econ.st,349,news
britannica.com,349,legal/reference
musicnotes.com,347,content/music
nerdfighteria.com,347,unsure
sidemenclothing.com,347,monetization/merch
lttstore.com,346,monetization/stores
cdbaby.com,346,content/music
cbcnews.tumblr.com,345,news
store.isorrowproductions.com,344,monetization/stores
coursetro.com,344,monetization/courses
metallica.com,344,content/music
on.msnbc.com,343,news
drberg.com,342,monetization/stores
vivaladirtleague.bandcamp.com,341,content/music
aka.ms,341,url_shorteners
zazzle.com,340,monetization/stores
amazon.ca,339,monetization/affiliates
amazon.in,339,monetization/affiliates
ign.com,339,entertainement
mutv.manutd.com,338,content/video
sg.app.link,338,url_shorteners
edutopia.org,337,other
ubm.io,336,unsure
weslav.com,336,unsure
amzn.com,336,monetization/affiliates
global.bookwalker.jp,334,monetization/stores
prowrestlingtees.com,333,monetization/stores
funi.to,333,url_shorteners
nerdcubed.co.uk,333,content/video
clkuk.tradedoubler.com,332,monetization/affiliates
bingingwithbabish.com,332,other
npr.org,332,news
simplilearn.com,331,monetization/courses
popularmmos.com,331,content/video
vmware.com,331,other
livescience.com,330,news
element14.com,330,monetization/stores
netflix.com,329,content/video
audioblocks.com,329,content/music
nutritionfacts.org,328,legal/reference
codebind.com,327,unsure
thegreatcoursesplus.com,327,monetization/courses
nick.com,326,entertainement
gopro.com,325,monetization/stores
shop.yammienoob.co,325,monetization/stores
crazygktrick.com,324,unsure
upsciq.com,324,unsure
gma.abc,323,news
livemetallica.com,323,other
freesciencelessons.co.uk,321,unsure
therydesigns.com,321,content/portfolios
aetv.com,319,entertainement
pixelempire.com,318,monetization/stores
boardgamegeek.com,318,gaming
sportzcases.com,318,monetization/stores
sites.google.com,317,other
dicetower.com,317,gaming
engvid.com,317,content/video
clk.tradedoubler.com,316,monetization/affiliates
tappedout.net,315,gaming
rossmanngroup.com,313,other
meundies.com,313,monetization/stores
glitchyboy.com,313,unsure
jdoqocy.com,313,url_shorteners
logo.to,312,unsure
mrcreepypasta.spreadshirt.com,312,monetization/merch
jonnyatma.com,312,unsure
bestpianomethod.com,310,content/music
phelous.com,310,content/video
rachelsenglish.com,310,other
matterhackers.com,310,monetization/stores
extrememusic.com,309,content/music
cinecom.info,308,other
iliketomakestuff.com,308,other
mythical.store,307,monetization/stores
signup.dropout.tv,306,content/video
sorted.club,306,unsure
go.twitch.tv,305,url_shorteners
read.bi,305,url_shorteners
nationalgeographic.com,305,news
p.dw.com,305,news
grindreel.com,304,unsure
kontor.lnk.to,303,url_shorteners
frogleapstudios.com,302,unsure
froknowsphoto.com,302,other
di.sn,302,url_shorteners
shop.seananners.com,302,monetization/stores
ali.pub,300,url_shorteners
nfl.com,300,entertainement
pewdiepie.net,299,content/portfolios
nykaa.com,299,monetization/stores
coub.com,298,content/video
outsidexbox.com,298,gaming
sdp.io,297,unsure
supercell.net,297,gaming
conte-de-fees.com,296,unsure
beginblacksmithing.com,296,other
hiddenblock.com,296,unsure
mixer.com,295,content/video
edwardspoonhands.tumblr.com,295,social_media
vrv.co,295,content/video
teamfourstar.com,295,other
3d.pn,294,url_shorteners
tunnelbear.com,293,monetization/sponsors
goodreads.com,293,legal/reference
nottingham.ac.uk,292,unsure
incompetech.com),290,content/music
honda.us,290,other
unionforgamers.com,289,monetization/affiliates
bitwit.tech,289,content/video
alphamapp.com,288,other
amoebasisters.com,288,other
gillianperkins.com,288,other
magic.wizards.com,287,gaming
fiverr.com,287,other
stumbleupon.com,286,social_media
thenetninja.co.uk,286,content/video
allofbach.com,285,content/music
l.prageru.com,284,content/video
pixabay.com,284,other
vice.com,283,news
spraygunsdirect.co.uk,283,monetization/stores
gab.ai,282,social_media
reasonio.wordpress.com,282,other
nerdfighteria.info,282,unsure
itchyboots.com,281,other
manutd.com,281,news
gonaturalenglish.com,280,monetization/courses
brightside.me,279,entertainement
atom.io,278,unsure
coolstuffinc.com,278,monetization/stores
edcm.xyz,278,unsure
birmingham.ac.uk,278,unsure
nimbitmusic.com,277,monetization/stores
theconsouls.com,277,unsure
valuetesters.com,276,unsure
scientificamerican.com,276,news
ishafoundation.org,276,other
creepypasta.com,276,entertainement
fishingboatproceeds.tumblr.com,275,social_media
pond5.com,275,content/video
realpars.com,275,monetization/courses
bbcstudiosvoice.com,274,other
lifeisnoyoke.com,274,unsure
menfluential.com,273,other
theawesomestore.com,273,monetization/stores
trapcity.tv,273,content/music
alecsteeleshop.com,273,monetization/stores
theamazingworldofgumball.com,272,entertainement
in2detailing.co.uk,272,other
gamespot.com,271,gaming
lowes.com,271,monetization/stores
peterhollens.com,269,content/portfolios
traversymedia.com,269,content/video
m.youtube.com,269,content/video
twitch.com,269,social_media
hbo.com,269,content/video
ctt.ec,269,url_shorteners
pewdiepie.com,266,other
dailymail.co.uk,265,news
insder.co,265,news
gdconf.com,264,unsure
rosannapansino.tumblr.com,263,social_media
oprah.com,263,entertainement
planetminecraft.com,262,gaming
mtvnews.tumblr.com,262,social_media
aliexpress.com,262,monetization/stores
kinerbrothersmusic.com,261,content/music
fallontonight.tumblr.com,261,social_media
appsto.re,261,url_shorteners
ifixit.com,260,unsure
mega.nz,260,utils
kqzyfj.com,260,unsure
hardwithstyle.nl,259,unsure
eposvox.com,259,unsure
parktool.com,258,monetization/stores
lynda.com,258,monetization/courses
cyclecruza.com,258,unsure
beautifulhalo.com,258,unsure
broarmy.net,258,unsure
papercutz.com,257,other
sheetmusicboss.tumblr.com,256,other
mightycarmods.com,256,content/video
scdkey.com,256,monetization/stores
katy.to,256,url_shorteners
ffm.to,256,url_shorteners
hws.dj,256,content/music
myanimelist.net,255,legal/reference
google.co.in,255,legal/reference
kawachi.zaq.ne.jp,254,unsure
videoblocks.com,253,monetization/stores
pragnews.com,253,news
tiktok.com,252,social_media
whatculture.com,252,entertainement
eurovision.tv,252,entertainement
thecreaturehub.com,251,unsure
triplej.net.au,251,content/music
furaffinity.net,251,content/portfolios
airbnb.com,251,other
jukedeck.com,250,content/music
markiplier.com,250,other
silo-airsoft.com,249,monetization/stores
pewdiepie.spreadshirt.net,249,monetization/merch
games.yogscast.com,249,gaming
gum.co,248,url_shorteners
osms.it,248,unsure
nicovideo.jp,247,content/video
crunchyroll.tumblr.com,246,social_media
displate.com,246,monetization/stores
japanesepod101.com,246,monetization/courses
guru.bafta.org,246,other
scishowtangents.org,246,content/video
treehouse.7eer.net,246,url_shorteners
storyblocks.com,245,content/video
heatonist.com,245,monetization/stores
gametee.co.uk,245,monetization/merch
originpc.com,244,monetization/stores
itsokaytobesmart.com,243,content/video
scrmradio.com,243,content/music
link.springer.com,243,legal/reference
screenrant.com,242,entertainement
dbrand.com,242,monetization/stores
triune-store.myshopify.com,241,monetization/stores
menfluentialconference.com,241,other
wow.joystiq.com,241,gaming
forbes.com,240,news
erbmerch.com,240,monetization/merch
chillhop.com,239,content/music
tryonlinetherapy.com,239,other
foilarmsandhog.ie,238,entertainement
privateinternetaccess.com,238,monetization/sponsors
kontrolfreek.com,237,monetization/stores
vine.bandcamp.com,236,content/music
youtube.shemaroo.com,236,content/video
ocul.us,236,url_shorteners
polygon.com,236,news
becausegamesmatter.com,235,unsure
telegraph.co.uk,235,news
weibo.com,235,social_media
konami.com,234,gaming
instructables.com,234,other
yourmoviesucks.org,234,entertainement
cdc.gov,233,legal/reference
youtube.streamlabs.com,233,utils
cbsn.ws,233,news
tvfplay.com,232,content/video
jstor.org,232,legal/reference
shop.spreadshirt.co.uk,232,monetization/stores
wish1075.com,232,content/music
chapmanguitars.co.uk,231,monetization/stores
toontrack.com,231,monetization/stores
yugioh-card.com,231,gaming
numberphile.com,230,content/video
coryxkenshin.spreadshirt.com,230,monetization/merch
reverb.com,230,monetization/stores
doghousesystems.com,229,monetization/stores
wp.me,229,url_shorteners
bravewilderness.com,228,content/video
zoho.com,228,other
newegg.com,228,monetization/stores
coryxkenshin.spreadshirt.co.uk,227,monetization/merch
mbsy.co,227,url_shorteners
nerdi.st,227,url_shorteners
professormesser.com,226,monetization/courses
forms.gle,226,unsure
ultramusic.com,226,content/music
genius.com,225,content/music
shoutfactory.com,225,monetization/stores
markiplier.spreadshirt.com,224,monetization/merch
lockpickshop.com,224,monetization/stores
shell.com,224,other
betterhelp.com,224,other
tommyboy.lnk.to,224,url_shorteners
peanutbuttergamer.tumblr.com,223,social_media
jeffzeigler.com,223,content/portfolios
simplehistory.co.uk,223,content/video
gtomegaracing.com,222,monetization/stores
mythical.co,222,unsure
audioblocks.com),221,content/music
j35.us,221,url_shorteners
roguerocket.com,221,news
mayocl.in,221,other
broughy.com,220,content/video
hellofresh.com,220,monetization/affiliates
mhgny.lnk.to,220,url_shorteners
subbable.com,218,monetization/direct
glassesusa.7eer.net,218,url_shorteners
anunkindness.com,217,other
csharp-video-tutorials.blogspot.com,217,content/video
mrsuicidesheep.com,217,content/music
click.dji.com,216,monetization/affiliates
vertx.com,216,other
theatlantic.com,216,news
corridordigital.store,214,monetization/stores
gaga.lk,214,unsure
apps.apple.com,213,monetization/stores
song.link,213,url_shorteners
elgato.com,213,monetization/stores
yugioh.com,213,gaming
arcadiatelevision.com,213,entertainement
ortegaguitars.com,212,monetization/stores
bbrfoundation.org,212,other
tkqlhce.com,212,unsure
booru.vineshroom.net,212,other
domain.com,211,other
sport.bt.com,211,news
movietools.info,210,unsure
blueapron.com,210,other
audionetwork.com,209,content/music
tawk.to,208,utils
store.screenwavemedia.com,208,monetization/stores
strava.com,208,social_media
vm.tiktok.com,208,social_media
usa.gtomegaracing.com,208,unsure
gunstreamer.com,208,content/video
casper.com,207,monetization/stores
physiotutors.com,207,monetization/courses
freecodecamp.com,207,monetization/courses
eu.rtgame.net,207,gaming
umgn.us,207,unsure
lordminion777.fanfiber.com,207,monetization/direct
eevblog.com,206,other
mrcreepypasta.tumblr.com,206,social_media
socialclub.rockstargames.com,206,gaming
vat19.com,206,monetization/stores
ausopen.com,206,entertainement
nofuckingcredit.bandcamp.com,205,content/music
twitch.streamlabs.com,205,utils
bearing.bandcamp.com,205,content/music
andrewapplepie.com,204,content/music
cinema-sins.tumblr.com,204,social_media
designcourse.com,204,monetization/courses
wwe.com,204,entertainement
forhims.com,203,monetization/stores
smithsonianmag.com,203,news
grrrltraveler.com,203,unsure
mattgranger.com,203,content/portfolios
disneymusic.co,202,content/music
freecodecamp.org,202,monetization/courses
fcbarcelona.com,202,other
jennifermaker.com,202,other
cloud.google.com,202,legal/reference
oddityarchive.com,202,entertainement
donut.media,202,content/video
chrome.google.com,202,legal/reference
basicswithbabish.co,202,other
thegreatwar.mkn.tv,201,content/video
d-maps.com,201,legal/reference
nerdist.com,200,entertainement
discord.me,200,social_media
zoom.co.uk,200,utils
trhou.se,200,url_shorteners
getquip.com,199,monetization/stores
flipkart.com,199,monetization/stores
lemmi.no,199,unsure
ts.la,198,url_shorteners
uber.com,198,other
tophattwaffle.com,198,other
info.fiaformulae.com,198,unsure
indiegogo.com,197,monetization/direct
chats.viber.com,197,social_media
play-asia.com,197,monetization/stores
painkilleralready.net,197,entertainement
nordvpn.org,197,monetization/sponsors
autotradr.co,196,content/video
podcasts.apple.com,196,content/music
nicepeter.com,196,other
shop.spreadshirt.no,196,monetization/merch
kotaku.com,196,gaming
osu.ppy.sh,196,gaming
timeanddate.com,195,legal/reference
enderman.ch,195,other
bradyharan.com,195,content/portfolios
5sosf.am,195,url_shorteners
wotreplays.com,194,gaming
techwithtim.net,194,other
vinesauce.booru.org,194,content/portfolios
telltaleatheist.com,193,unsure
xsplit.com,193,utils
professormesser.link,193,unsure
digg.com,193,news
enemy.com,193,other
49ers.com,192,entertainement
ebates.com,192,monetization/affiliates
assholeconsulting.com,192,other
shop.studio71us.com,192,monetization/stores
gtn.io,191,unsure
twd.bz,191,url_shorteners
proguides.com,191,monetization/courses
mayoclinic.org,191,legal/reference
chdr.tv,191,content/video
sesamestreet.org,191,content/video
msclvr.co,191,url_shorteners
huffingtonpost.com,191,news
medium.freecodecamp.com,191,other
minecraft.net,190,gaming
cnbc.com,190,news
cook.ba,190,other
apmex.pub,190,monetization/affiliates
nerdynummiescookbook.com,190,other
flitetest.com,189,content/video
flutes4sale.com,189,monetization/stores
purple-planet.com,189,content/music
electroboom.com,189,content/video
barnesandnoble.com,189,monetization/stores
supertutortv.com,188,content/video
ticketmaster.com,188,entertainement
mmmenglish.com,188,content/video
adobe.com,187,other
anabolicaliens.com,187,unsure
journals.plos.org,187,legal/reference
ridgewallet.com,187,monetization/stores
axs.com,187,other
thetomska.tumblr.com),187,social_media
airtelhellotunes.in,187,content/music
jtmerch.com,187,monetization/stores
manscaped.com,186,monetization/stores
collegeinfogeek.com,186,unsure
pixly.go2cloud.org,186,utils
awin1.com,185,monetization/affiliates
svs.gsfc.nasa.gov,185,content/video
flrmethod.com,185,unsure
pluralsight.pxf.io,185,url_shorteners
srkcycles.com,184,monetization/stores
maybelline.com,184,monetization/stores
carwow.de,184,content/video
thisishowtodrink.com,184,other
mlt1.uk,184,unsure
sheetmusicboss.wordpress.com,184,content/music
all4.com,183,content/video
wimbledon.com,183,news
biographics.org,183,unsure
gmbn.eu,183,content/video
jennamarblesblog.com,183,other
vincerowatches.com,182,monetization/stores
erbofhistory.com,182,legal/reference
bookcameo.com,182,unsure
seeker.com,182,news
studiobinder.com,182,utils
epiclloyd.com,182,other
yadi.sk,182,utils
the-real-estate-agent-academy.teachable.com,182,monetization/courses
audiotree.tv,182,content/music
mobilenations.com,181,news
msri.org,181,legal/reference
theonion.com,181,news
carbohydrom.net,181,unsure
shop.comedyshortsgamer.com,180,monetization/stores
ticketfly.com,180,other
yogscastsips.tumblr.com,180,social_media
psychologytoday.com,180,unsure
cartoonnetwork.com,180,entertainement
tutorialsbyhugo.com,180,content/video
intotheam.com,180,monetization/stores
caughtinprovidence.com,180,content/video
shutterstock.com,179,other
alphajay.show,179,other
scufgaming.com,179,monetization/stores
dbh.la,179,unsure
letstalkpodcast.com,178,content/video
classicaltrombone.com,178,content/music
higatv.com,178,content/video
thegagsstore.com,178,monetization/stores
thecherno.com,178,other
jinx.com,177,monetization/merch
learndutch.org,177,unsure
michaeljackson.lnk.to,177,url_shorteners
mcpedl.com,176,gaming
slate.com,176,news
novritsch.com,176,unsure
own.ag,176,unsure
slideshare.net,175,content/portfolios
alux.com,175,other
creatures.spreadshirt.com,175,monetization/merch
twit.tv,174,content/video
dft.ba,174,url_shorteners
colbertlateshow.tumblr.com,174,social_media
shopfunnelvision.com,174,monetization/stores
wiki.teamfortress.com,174,gaming
jamieol.com,174,unsure
evancarmichael.com,173,other
scantr.ax,173,unsure
lonseidman.com,173,unsure
mylifeingaming.com,172,gaming
filmmusic.io,172,content/music
dota2.com,172,gaming
astore.amazon.co.uk,172,monetization/affiliates
science.sciencemag.org,172,news
invent.ge,171,unsure
ikea.com,171,monetization/stores
tcrf.net,171,gaming
e-counseling.com,171,other
pf.kakao.com,170,social_media
mvmtwatches.com,170,monetization/stores
theablesbook.com,170,unsure
morphebrushes.com,170,monetization/stores
apinternationalfilms.com,170,content/video
cracked.com,170,entertainement
rt.com,170,news
shemaroome.com,169,content/video
teachingmensfashion.com,169,other
pinterest.ca,169,social_media
atlanti.cr,169,unsure
web.facebook.com,169,social_media
miram.ax,168,unsure
sciencedaily.com,168,news
minecraft.curseforge.com,168,gaming
moddb.com,168,gaming
arstechnica.com,168,news
1320video.com,168,content/video
philadelphiaeagles.com,167,entertainement
merch.escapistmagazine.com,167,monetization/merch
gear.blizzard.com,167,monetization/stores
relay.fm,166,content/video
books.google.co.uk,166,legal/reference
juve.it,166,entertainement
stv.tv,166,news
raywj.com,166,other
normalboots.com,166,content/video
formula1.com,165,news
pnas.org,165,legal/reference
dontmemorise.com,165,content/video
trello.com,165,utils
tradersfly.com,165,unsure
cardkingdom.com,165,monetization/stores
prageru.com,164,content/video
danandphilshop.com,164,monetization/stores
buff.ly,164,url_shorteners
space.com,164,news
medium.freecodecamp.org,164,unsure
painkilleralready.podbean.com,164,content/music
rustypot.com,164,unsure
simracingbay.com,164,monetization/stores
shop.donut.media,163,monetization/stores
fimfiction.net,163,other
heusinkveld.com,163,monetization/stores
idubbbz.com,163,content/video
boyceavenue.com,163,content/music
funimation.com,163,content/video
trekbikes.com,162,monetization/stores
bankiq.in,162,unsure
matthias.spreadshirt.com,162,monetization/stores
themodernrogue.com,162,content/video
pickuplimes.com,162,other
freedom.tm,162,utils
charismaoncommand.com,162,monetization/courses
gjchess.com,161,gaming
snazzy.fm,161,content/music
corsair.com,161,monetization/stores
bladehq.com,161,monetization/stores
isha.co,161,unsure
phlearn.com,161,monetization/courses
fav.me,161,url_shorteners
medschoolinsiders.com,161,monetization/courses
uk.gamesplanet.com,161,monetization/stores
store.cdbaby.com,160,monetization/stores
buymeacoffee.com,160,monetization/direct
flywithcaptainjoe.com,160,unsure
roton.ro,160,content/music
fitmentindustries.com,160,monetization/stores
clicktotweet.com,160,utils
survivalonpurpose.com,160,unsure
eliteferrex.bandcamp.com,159,content/music
bandsintown.com,159,social_media
m.onelink.me,159,url_shorteners
ricksteves.com,159,other
sc.mp,159,url_shorteners
academic.oup.com,159,legal/reference
classicgameroom.com,159,gaming
foodwishes.blogspot.com,158,other
nflx.it,158,url_shorteners
jeopardy.com,158,entertainement
brio4life.com,158,unsure
time.com,158,news
starwars.com,158,entertainement
3b1b.co,158,url_shorteners
shop.supersimpleonline.com,158,monetization/stores
reverbnation.com,157,content/music
tidal.com,157,content/music
fanfiction.net,157,entertainement
astore.amazon.de,156,monetization/affiliates
ascher-racing.com,156,content/video
lego.build,156,content/portfolios
clutchchairz.com,156,monetization/stores
banggood.in,156,monetization/stores
howcast.com,156,content/video
thenewboston.com,156,content/video
influencerlink.org,156,utils
outfit7.com,156,gaming
shop.watchmojo.com,155,monetization/stores
shop.themodernrogue.com,155,monetization/stores
unsplash.com,155,utils
cloakbrand.com,155,monetization/stores
thecaddicarus.tumblr.com,155,social_media
pyrocynical.tumblr.com,154,social_media
harpercollins.com,154,other
strawpoll.me,154,unsure
sbtv.co.uk,154,content/video
gizmodo.com,154,news
warrobots.onelink.me,154,url_shorteners
doctormix.com,154,content/music
bookdepository.com,154,monetization/stores
cooks.io,153,unsure
markaholic.com,153,unsure
modernrogue.reddit.com,153,social_media
emvn.co,153,unsure
signup.e2ma.net,153,utils
gcntech.co,153,news
crownacademyenglish.com,153,monetization/courses
warriorpoetsociety.us,153,unsure
cnn.com,152,news
lambda-school.sjv.io,152,url_shorteners
academy.thefutur.com,152,monetization/courses
hatfilms.bandcamp.com,152,content/music
supersimpleonline.com,152,unsure
rebrand.ly,151,url_shorteners
ashellinthepit.bandcamp.com,151,content/music
tobu.io,151,unsure
multiplay.go2cloud.org,151,unsure
forums.mightycarmods.com,151,unsure
us.playkids.com,151,content/video
mandarincorner.org,151,unsure
vessel.com,151,content/video
kornhaberbrown.com),150,content/portfolios
mattstonie.bigcartel.com,150,monetization/stores
bbcom.me,150,url_shorteners
cartoonnetwork.com.au,150,entertainement
tandfonline.com,150,legal/reference
caraudiofabrication.com,150,other
hatventures.net,150,unsure
calebcurry.tech,150,content/portfolios
cartoonnetworkindia.com,149,entertainement
frogleapstudios.dpdcart.com,149,monetization/stores
zackscott.tumblr.com,149,social_media
doormonster.tv,149,content/video
primalvideo.com,149,content/video
freepd.com,149,legal/reference
kerbalspaceprogram.com,149,gaming
btprt.dj,148,content/music
sparrowslockpicks.com,148,monetization/stores
dudeperfect.com,148,monetization/stores
fuseschool.org,148,monetization/courses
pcbway.com,147,other
sortedfood.com,147,other
critrole.com,147,gaming
hoffmanacademy.com,147,monetization/courses
tv.digitalrev.com,146,content/video
mailchi.mp,146,other
imabouttolevelup.biz,146,unsure
steemit.com,146,social_media
thataylaa.com,145,other
flu.me,145,url_shorteners
transactions.sendowl.com,145,monetization/direct
harrys.com,145,monetization/stores
independent.co.uk,145,news
deadmeatstore.com,145,monetization/stores
armadamusic.com,145,content/music
overlysarcasticproducts.threadless.com,144,monetization/merch
rockler.com,144,monetization/stores
23andme.com,144,other
dropout.page.link,143,url_shorteners
gordonramsay.com,143,entertainement
cracked.tumblr.com,143,social_media
louderwithcrowder.com,143,content/video
ptxofficial.com,143,other
rotorriot.com,143,monetization/stores
ltxexpo.com,143,unsure
hellointernet.fm,142,content/video
miramax.com,142,entertainement
a-fwd.to,142,url_shorteners
renegadefaction.net,142,unsure
hum.tv,141,entertainement
adfarm.mediaplex.com,141,monetization/affiliates
linode.com,141,utils
on.cc.com,141,news
madonna.com,141,content/music
nptel.iitm.ac.in,141,monetization/courses
zackscott.spreadshirt.com,140,monetization/stores
loudwire.com,140,news
jaminthevan.com,140,content/video
passenger.lnk.to,140,url_shorteners
rise.ca,140,unsure
tinyurl.com,140,url_shorteners
castingcall.club,140,other
e3.nintendo.com,140,gaming
easytechstutorials.com,140,other
obsproject.com,139,utils
news.nationalgeographic.com,139,news
hatventures.spreadshirt.co.uk,139,monetization/merch
alonsodefensegroup.com,139,other
swissbeatbox.com,139,content/video
society6.com,139,monetization/stores
modernbuilds.com,139,other
app.quidd.co,138,unsure
techinterviewpro.com,138,monetization/courses
itsdanbull.com,138,content/music
bestbuy.com,137,monetization/stores
webtv.un.org,137,content/video
eurovision.lnk.to,137,url_shorteners
games-series.com,137,gaming
olliesmile.com,137,unsure
cubedhost.com,137,gaming
hyperx.gg,137,gaming
store.froknowsphoto.com,137,monetization/stores
dashiexp.fanfiber.com,137,monetization/direct
jubileemedia.com,137,content/video
cartoonnetwork.dk,137,entertainement
vh1.com,137,entertainement
rhino.com,137,content/music
mentalfloss.com,137,entertainement
cartoonnetwork.no,137,entertainement
cartoonnetwork.se,137,content/video
brightstorm.com,136,content/video
googleadservices.com,136,monetization/direct
theactionlab.com,136,other
supr.cl,136,url_shorteners
feeds.soundcloud.com,136,content/music
play.acast.com,135,other
primrosekitten.com,135,other
video.foxnews.com,135,news
londonreal.tv,135,content/video
zedd.me,135,unsure
static1.squarespace.com,135,utils
accursedfarms.com,135,content/video
bikesandbeardsgear.com,134,monetization/stores
seaofthieves.com,134,gaming
nomadcomplex.com,134,unsure
ad.doubleclick.net,134,other
esntls.co,134,monetization/stores
miramax.tumblr.com,134,social_media
pescience.com,134,monetization/stores
spinninrecords.lnk.to,134,url_shorteners
thetankstrap.com,134,monetization/stores
ubi.li,134,url_shorteners
eventbrite.com,134,other
mindyourdecisions.com,133,other
appstore.com,133,monetization/stores
opus1.sourceaudio.com,133,other
htf.mondomedia.com,132,unsure
sbird.co,132,unsure
uglybrosusa.com,132,unsure
eneba.com,132,monetization/stores
forgottenweapons.com,132,legal/reference
vocalforge.com,132,content/music
tbs.com,132,entertainement
iamelizagrace.com,132,other
sailingzatara.com,132,other
maherzain.com,132,content/music
mcys.co,132,unsure
thecompletionist.com,131,content/video
codepen.io,131,content/portfolios
paisawapas.com,131,monetization/affiliates
dudeperfect.merchline.com,131,monetization/merch
eltonjohn.lnk.to,131,url_shorteners
danaschechter.com,131,unsure
shomusbiology.com,131,other
bdcraft.net,131,other
dailyinterviewpro.com,131,unsure
fbeteam.com,131,content/video
eurekalert.org,131,news
smashbits.net,131,unsure
thnkrtv.tumblr.com,130,social_media
kevin.fanfiber.com,130,unsure
infinitylearn.com,130,monetization/courses
thekingofrandom.com,130,content/video
wisecrack.co,130,unsure
mods.curse.com,130,gaming
sptfy.com,130,url_shorteners
psce.pw,130,unsure
apply.fullscreen.net,129,monetization/sponsors
richaadeb.com,129,unsure
proleter.bandcamp.com,129,content/music
ridge.com,129,monetization/stores
elementanimation.com,129,content/portfolios
prestonsstylez.com,129,other
h2odelirious.spreadshirt.com,128,monetization/merch
escapex.com,128,other
ballahackoutdoor.com,128,monetization/stores
itsh.bo,128,url_shorteners
laxammo.com,128,monetization/stores
privacy.com,128,utils
direwolf20.spreadshirt.com,128,monetization/merch
elevatormag.com,128,entertainement
isaacarthur.net,128,other
awe.sm,128,url_shorteners
raaga.com,128,content/music
nbcbrooklyn99.tumblr.com,128,social_media
freepik.com,128,other
matchcenter.mlssoccer.com,128,other
stephenshop.spreadshirt.com,128,monetization/stores
thetigerbelly.com,128,content/video
algopro.com,128,unsure
liveoverflow.com,127,other
gimp.org,127,unsure
ladiesandfricks.com,127,other
buymeacoff.ee,127,monetization/direct
nerdsyn.cc,127,unsure
bytemybits.tech,127,news
tingles.app.link,127,url_shorteners
desiringgod.org,127,other
toneden.io,127,utils
eternalcrusade.com,127,gaming
code.google.com,127,legal/reference
oldschool.runescape.com,126,gaming
buyeasy.by,126,other
starwars.tumblr.com,126,social_media
easyonlineconverter.com,126,utils
ewinracing.com,126,monetization/stores
vid.io,126,url_shorteners
mylifetime.com,126,content/video
filmora.wondershare.com,126,utils
u.to,125,url_shorteners
georiot.co,125,monetization/affiliates
idevaffiliate.com,125,monetization/affiliates
shopbenchmark.com,125,utils
bombayhair.com,125,monetization/stores
awakening.org,125,unsure
alitems.com,124,unsure
iterm2.com,124,utils
abc7.la,124,news
audiolibrary.com.co,123,content/music
curiositybox.com,123,monetization/stores
punishedprops.com,123,monetization/stores
donationalerts.com,123,monetization/direct
c418.bandcamp.com,123,content/music
gta-downloads.com,123,gaming
on.vh1.com,123,content/video
afsp.org,123,other
gamesgrabr.com,123,gaming
abcnews.go.com,123,news
sciencemag.org,122,news
mods.bethesda.net,122,gaming
gtaseriesvideos.com,122,content/video
sunsetvalley.bandcamp.com,122,content/music
vh1.tumblr.com,122,social_media
leeandlie.blogspot.com,122,other
blog.erosnow.com,122,content/video
monsterjoysticks.com,122,monetization/stores
surveymonkey.com,122,utils
soundbible.com,122,content/music
gmngcr.rs,122,unsure
cohh.tv,122,other
gta-series.com,122,gaming
yogscastsjin.tumblr.com,122,social_media
adf.ly,122,url_shorteners
someordinarygamers.blogspot.ca,121,other
jellystore.com,121,monetization/stores
teknoaxe.com,121,content/music
videvo.net,121,content/video
m.me,121,social_media
variantcomics.com,121,entertainement
radi.al,121,url_shorteners
virtushub.com,121,unsure
homedepot.sjv.io,120,url_shorteners
cowchop.roosterteeth.com,120,content/video
measureschool.com,120,monetization/courses
hak5.org,120,content/video
rizknows.com,120,monetization/affiliates
oculus.com,120,monetization/stores
the8bitguy.com,120,unsure
justonegamr.com,120,gaming
metaljesusrocks.redbubble.com,120,monetization/merch
nightvale.libsyn.com,119,other
frenchpresscoffee.com,119,monetization/stores
aso.fr,119,unsure
curseforge.com,119,gaming
comicshoplocator.com),119,other
juventus.com,119,entertainement
ktr.lnk.to,119,url_shorteners
gentlemansgazette.com,119,other
auntydonna.com,119,entertainement
lewspears.com,119,unsure
captaincapitalism.blogspot.com,119,unsure
familyfriendlygaming.com,119,gaming
theproperpeople.com,119,other
autode.sk,118,unsure
danosongs.com,118,content/music
bozemanscience.com,118,content/video
learningnetworkstore.cisco.com,118,monetization/stores
androidauthority.com,118,news
phobos.apple.com,118,content/music
answerswithjoe.com,118,other
factorio.com,118,gaming
amzn.eu,118,monetization/affiliates
ft86speedfactory.com,117,monetization/stores
universetoday.com,117,news
letour.fr,117,news
testtube.com,117,unsure
thegaminghistorian.com,117,content/video
mythicalsociety.com,117,monetization/direct
circuitspecialists.com,117,monetization/stores
tigerbelly.libsyn.com,117,other
schedule.yogscast.com,117,utils
tsto.co,117,unsure
spacetelescope.org,117,unsure
bloomberg.com,117,news
shop.critrole.com,117,monetization/stores
gawkbox.com,117,utils
newyorkvocalcoaching.tumblr.com,117,social_media
rdbl.co,117,url_shorteners
us.ncix.com,116,monetization/stores
skillshare.com,116,monetization/courses
fiba.basket,116,other
66samus.com,116,unsure
nations.io,116,gaming
pokemon.s20.xrea.com,116,gaming
mobile.twitter.com,116,social_media
mvmt.com,116,monetization/stores
ebay.co.uk,116,monetization/stores
gamebanana.com,116,gaming
1clickprint.com,115,utils
flic.kr,115,other
3blue1brown.com,115,content/video
facebook.github.io,114,social_media
news.google.com,114,news
omele.to,114,content/video
codecourse.com,114,monetization/courses
testu.be,114,url_shorteners
rustchance.com,114,other
dig.ccmixter.org,114,content/music
playideamusic.mjamsmusic.com,114,content/music
thekeyofawesome.spreadshirt.com,114,monetization/merch
tomskashop.com,114,unsure
audioboom.com,114,content/music
yourmovie.sucks,114,entertainement
support.theguardian.com,114,other
wisecrackstore.com,114,monetization/stores
apinternationalfilms.in,114,entertainement
thomann.de,113,monetization/stores
hyperphysics.phy-astr.gsu.edu,113,legal/reference
uprighthealth.com,113,other
linktr.ee,113,other
livelovepolish.com,113,unsure
secretlab.co,113,monetization/stores
speakenglishwithvanessa.com,113,other
andrewhuang.bandcamp.com,113,content/music
shemaroome.app.link,113,url_shorteners
coyotepeterson.com,113,unsure
proleter-beats.com,113,content/music
lddy.no,113,unsure
copyright.gov,113,legal/reference
steviasphere.bandcamp.com,113,content/music
shopstyle.it,112,monetization/affiliates
foxconnect.com,112,unsure
twitchalerts.com,112,utils
freddiemercury.lnk.to,112,url_shorteners
electricneedleroom.net,112,other
theb1m.com,112,content/video
gfuel.ly,112,url_shorteners
creatorink.com,112,unsure
naturebox.com,112,monetization/stores
sigma-beauty.7eer.net,112,url_shorteners
academind.com,112,monetization/courses
hasfit.com,112,content/video
inventables.com,112,monetization/stores
apinternationalfilms.blogspot.com,112,other
cg.tuwien.ac.at,112,other
evike.com,112,monetization/stores
squirrel.tv,111,content/video
redd.it,111,social_media
dorkly.com,111,gaming
specs.squirrel.tv,111,content/video
pc.squirrel.tv,111,content/video
vcpl.me,111,url_shorteners
printmotor.com,111,unsure
doi.org,111,legal/reference
bestfriends.org,111,other
stoneagegamer.com,111,monetization/stores
programmingknowledgeblog.blogspot.de,111,other
daveramsey.com,111,unsure
beamng.com,111,gaming
ukbumpkeys.com,110,monetization/stores
grsk.co,110,url_shorteners
fx-sport.net,110,unsure
ironbullstrength.com,110,other
geforce.com,110,gaming
anonofficial.com,110,unsure
lego.com,110,monetization/stores
fitnessgenes.com,110,unsure
de.pinterest.com,110,social_media
nzxt.co,110,other
swoleoclock.myshopify.com,110,monetization/stores
full30.com,110,content/video
hubblesite.org,109,legal/reference
frameratemerch.com,109,monetization/stores
solarisjapan.com,109,other
formspring.me,109,social_media
tealswan.com,109,other
criticalrolepodcast.geekandsundry.com,109,content/video
newscientist.com,109,news
wbr.ec,109,unsure
zealpc.net,109,unsure
shop.multipick.com,109,monetization/stores
worldarchery.sport,109,other
fandango.com,108,entertainement
lockpickworld.com,108,monetization/stores
spectremedia.ca,108,other
music.youtube.com,108,content/video
onyxdynamics.com,108,unsure
sandeepmaheshwari.com,108,content/video
nbcthegoodplace.tumblr.com,108,social_media
stitchfix.com,108,monetization/stores
1upcoin.com,108,other
cuisinart.com,108,monetization/stores
littlegreencheese.com,108,other
osho.com,108,other
guudelp.com,108,unsure
panavise.com,108,other
littlegreenworkshops.com.au,107,unsure
mackweldon.com,107,monetization/stores
apple.com,107,other
vpwow.com,107,other
samsung.com,107,other
miracleofsound.bandcamp.com,107,content/music
disney.tumblr.com,107,social_media
welcometonightvale.com,107,entertainement
cell.com,106,other
thync.com,106,other
hyunsdojo.com,106,content/video
networks.nokia.com,106,other
supercell.helpshift.com,106,other
cmpsn.co,106,url_shorteners
morgandavidking.com,106,content/portfolios
iheart.com,106,content/music
braintrauma.org,106,legal/reference
understandingrelationships.com,106,other
thomasheaton.co.uk,106,content/portfolios
refer.amex.us,105,monetization/affiliates
felicia.hu,105,unsure
shop.napalmrecords.com,105,monetization/stores
shop.kurzgesagt.org,105,monetization/stores
supermariomakerbookmark.nintendo.net,105,gaming
pixelships.com,105,unsure
kontor.fm,105,content/music
gist.github.com,105,legal/reference
shopmrbeast.com,105,monetization/stores
davidcuttermusic.com,105,content/music
voicesofmusic.org,105,content/music
svdelos.com,105,unsure
popsci.com,104,news
trittonaudio.com,104,monetization/stores
originalmagicart.store,104,monetization/stores
milehigherpodcast.com,104,content/video
dribbble.com,104,content/portfolios
steadyhq.com,104,monetization/direct
vevo.com,104,content/video
karaandnate.com,104,other
halfasinteresting.com,104,other
alexa.design,104,content/portfolios
in.pinterest.com,104,social_media
beardmeatsfood.co.uk,104,other
nvda.ly,104,url_shorteners
app.box.com,104,utils
adbl.co,104,url_shorteners
crispytees.com,103,monetization/stores
emdc.yt,103,url_shorteners
voice-pool.com,103,unsure
jennamarbles.tumblr.com,103,social_media
hottipsmedia.com,103,other
tatacliq.com,103,monetization/stores
ajsagaming.com,103,gaming
kinguin.net,103,monetization/stores
bokeh.digitalrev.com,103,content/video
stamps.com,103,other
anonymousofficial.spreadshirt.com,103,monetization/merch
radcliffe.harvard.edu,103,legal/reference
redbullusa.com,103,other
theweekendwoodworker.com,102,other
open.edu,102,monetization/courses
robwilsonwork.com,102,content/portfolios
mdst.mn,102,url_shorteners
gopjn.com,102,unsure
code.visualstudio.com,102,legal/reference
retrogamingcables.co.uk,102,monetization/stores
hartvig-art18.deviantart.com,102,content/portfolios
jacksepticeye.com,102,other
beachfrontbroll.com,102,content/video
ichillmusic.com,102,content/music
ryanoscribner.com,102,content/portfolios
perifractic.com,101,unsure
castbox.fm,101,content/music
razerzone.com,101,unsure
replayswows.com,101,gaming
comedycentral.co.uk,101,entertainement
keeponthinking.co,101,other
referyourchasecard.com,101,monetization/affiliates
shop.spreadshirt.de,101,monetization/merch
nationaltheatre.org.uk,101,other
vitagoods.com,100,monetization/stores
justanotherflutist.com,100,content/music
doctorwho.tv,100,content/video
killersites.com,100,other
creativemarket.com,100,monetization/stores
to.jetpens.com,100,monetization/stores
simplisafe.com,100,monetization/stores
moshc.am,100,unsure
archery.org,100,other
coolermaster.com,100,monetization/stores
novelkeys.xyz,100,monetization/stores
cigarobsession.com,100,content/video
on.natgeo.com,100,content/video
sdi.edu,100,unsure
robdyke.tumblr.com,100,social_media
keepproductive.com,100,utils
gggaming.ca,100,gaming
theangrygrandpa.com,100,entertainement
avb.lnk.to,100,url_shorteners
romhacking.net,100,gaming
