year,videos_total,videos_with_urls,videos_with_monetization,videos_with_content,videos_with_social,videos_with_entertainment,videos_with_infrastructure,videos_with_news,yt_category,videos_with_urls_pct,videos_with_monetization_pct,videos_with_content_pct,videos_with_social_pct,videos_with_entertainment_pct,videos_with_infrastructure_pct,videos_with_news_pct
2008,11130,3679.0,621.0,734.0,657.0,2.0,543.0,147.0,Travel & Events,33.05480682839173,5.579514824797844,6.594788858939802,5.902964959568733,0.017969451931716084,4.878706199460916,1.3207547169811322
2009,21174,8791.0,1858.0,1922.0,2590.0,3.0,2087.0,123.0,Travel & Events,41.51789931047511,8.77491262869557,9.077170114291112,12.231982620194579,0.014168319637291017,9.856427694342118,0.5809011051289317
2010,31476,12459.0,1807.0,3164.0,3153.0,8.0,2342.0,348.0,Travel & Events,39.5825390773923,5.740881941796925,10.05210318973186,10.017155928326343,0.025416190113102047,7.440589655610625,1.1056042699199389
2011,45701,20320.0,1603.0,5507.0,5489.0,9.0,3781.0,467.0,Travel & Events,44.462922036716925,3.507581890987068,12.050064550009846,12.010678103323778,0.01969322334303407,8.273341940001313,1.021859477910768
2012,67591,30472.0,3744.0,9825.0,9616.0,73.0,6326.0,829.0,Travel & Events,45.08292524152624,5.539199005784794,14.535958929443268,14.226746164430176,0.10800254471749197,9.359234217573345,1.226494651654806
2013,83874,41745.0,4109.0,14106.0,12568.0,439.0,7812.0,512.0,Travel & Events,49.77108519922741,4.899015189450843,16.818084269261036,14.984381333905619,0.5234041538498223,9.313970956434652,0.6104394687268999
2014,78988,40545.0,5129.0,14467.0,15654.0,310.0,12862.0,696.0,Travel & Events,51.33058186053577,6.4933914012255025,18.315440320048616,19.818200232946776,0.39246467817896385,16.283486099154302,0.8811465032663189
2015,127107,77975.0,13851.0,28912.0,55383.0,1786.0,22582.0,2286.0,Travel & Events,61.34595262259356,10.897118176024923,22.746190217690607,43.57195119072907,1.4051153752350383,17.766134044545147,1.7984847412022942
2016,135793,83326.0,20520.0,39132.0,53636.0,1621.0,28100.0,2199.0,Travel & Events,61.36251500445531,15.111235483419616,28.817391176275652,39.49835411250948,1.193728689991384,20.693261066476182,1.6193765510740612
2017,160395,103854.0,34037.0,50801.0,60041.0,337.0,32650.0,2133.0,Travel & Events,64.74890115028523,21.2207363072415,31.672433679354096,37.43321175847127,0.210106300071698,20.35599613454285,1.329841952679323
2018,181124,118943.0,45458.0,55525.0,72761.0,567.0,41523.0,3981.0,Travel & Events,65.66937567633224,25.097723106821846,30.65579382080784,40.171926415052674,0.3130452065987942,22.92517833086725,2.1979417415693114
2008,55638,22424.0,973.0,6518.0,5389.0,915.0,6505.0,1730.0,Entertainment,40.30338976958194,1.7488047737158057,11.715014917861893,9.685826233868939,1.6445594737409683,11.691649592005463,3.1093856716632517
2009,91212,42732.0,3325.0,11593.0,14451.0,2592.0,13006.0,2636.0,Entertainment,46.84909880278911,3.6453536815331318,12.709950445116872,15.843310090777528,2.8417313511380082,14.259088716396965,2.8899706179011533
2010,153734,73500.0,6768.0,22448.0,27729.0,3094.0,22450.0,5714.0,Entertainment,47.80985338311629,4.40240935642083,14.601844744818973,18.03699897225077,2.0125671614607046,14.603145693210351,3.7168095541649864
2011,304094,152090.0,14215.0,62836.0,62690.0,5019.0,52383.0,7308.0,Entertainment,50.014140364492555,4.67454142469105,20.66334751754392,20.615336047406394,1.6504764973988304,17.225923563108775,2.403204272363151
2012,497732,298876.0,29251.0,134354.0,147516.0,11130.0,91981.0,14385.0,Entertainment,60.04757580384624,5.876857425281075,26.993241342730627,29.63763631833999,2.2361431453071132,18.48002539519259,2.8901095368591934
2013,634714,401657.0,39451.0,199915.0,235311.0,17432.0,143330.0,22510.0,Entertainment,63.28157248776615,6.215555352489468,31.49686315411351,37.07354808622466,2.746433826888961,22.581824254703694,3.546479201656179
2014,807142,539924.0,61319.0,258024.0,313265.0,25231.0,208943.0,25917.0,Entertainment,66.89330997519643,7.597052315453786,31.96760916914248,38.81163413624864,3.1259679213818634,25.886770853207985,3.2109591620805262
2015,1029927,717339.0,99388.0,374871.0,453791.0,28628.0,321623.0,39800.0,Entertainment,69.64949943054216,9.650004320694574,36.39782236993496,44.060501375340195,2.7796144775309317,31.22774720926823,3.8643515511293516
2016,1565403,1181945.0,229061.0,632704.0,806558.0,41507.0,490134.0,53905.0,Entertainment,75.50419923815144,14.632717581351256,40.41796265881693,51.52398455860887,2.651521684831318,31.31040377461906,3.443522211213342
2017,2176261,1622016.0,328761.0,943505.0,1084249.0,39258.0,668787.0,58196.0,Entertainment,74.53223671241639,15.106689868540585,43.35440464172266,49.821643635574965,1.8039196585336041,30.731010664621568,2.674127781548261
2018,2697068,2022178.0,465051.0,1141106.0,1339619.0,47927.0,842861.0,61171.0,Entertainment,74.97690084195133,17.24283555327489,42.30912976610156,49.66945586837262,1.7770037685367963,31.251010356431504,2.2680555328972054
2008,31167,9987.0,792.0,2469.0,2570.0,47.0,1783.0,326.0,People & Blogs,32.04350755606892,2.5411492925209354,7.921840408123977,8.245901113357077,0.15080052619758078,5.720794430006096,1.0459781178810923
2009,60399,25590.0,2428.0,5956.0,6683.0,79.0,4427.0,1208.0,People & Blogs,42.368251129985595,4.019934104869286,9.86109041540423,11.064752727694167,0.13079686749780628,7.329591549528966,2.0000331131310123
2010,66036,29844.0,2963.0,9060.0,9978.0,199.0,5814.0,1863.0,People & Blogs,45.193530801381065,4.486946514022654,13.719789205887697,15.109940032709432,0.301350778363317,8.80428856987098,2.8211884426676357
2011,97349,48277.0,6101.0,16902.0,21301.0,299.0,12191.0,2952.0,People & Blogs,49.59167531253531,6.26714193263413,17.362273880574016,21.881067088516573,0.30714234352689807,12.522984314168609,3.0323886223792744
2012,156526,87387.0,12398.0,32170.0,40422.0,931.0,32562.0,5430.0,People & Blogs,55.82906354215913,7.920728824604219,20.55249607094029,25.824463667377945,0.5947893640673115,20.802933697916,3.4690722308114945
2013,221188,125562.0,20747.0,55704.0,65427.0,2458.0,45841.0,7501.0,People & Blogs,56.76709405573539,9.379803605982241,25.18400636562562,29.579814456480456,1.1112718592328696,20.72490370182831,3.391232797439282
2014,411033,224993.0,40974.0,108572.0,129649.0,2727.0,85112.0,13536.0,People & Blogs,54.73842732821939,9.968542671756282,26.41442414599314,31.54223626813419,0.6634503798965047,20.706853221030915,3.293166242126545
2015,635832,349662.0,69454.0,175025.0,213946.0,3187.0,128659.0,17031.0,People & Blogs,54.9928282942664,10.923325658350004,27.526925351350673,33.6481963789177,0.5012330301085822,20.234747543376237,2.6785377269467405
2016,1012489,604201.0,143194.0,331928.0,356116.0,7215.0,225386.0,28916.0,People & Blogs,59.67482115855086,14.142770933807675,32.78336851067024,35.17233273645442,0.7126003344233863,22.260587522432342,2.85593226198013
2017,1411483,860586.0,237861.0,480899.0,502853.0,9566.0,304232.0,27557.0,People & Blogs,60.970341123485014,16.851850146264603,34.07047764656039,35.62586301074827,0.6777269014221212,21.554067601239264,1.9523437405905701
2018,1684526,1005911.0,338007.0,546144.0,594407.0,9046.0,352763.0,29261.0,People & Blogs,59.71478030021502,20.06540712342819,32.42122709889904,35.28630605879636,0.5370056621269129,20.941380542657104,1.7370465044766303
2008,6123,3549.0,230.0,303.0,227.0,2.0,284.0,66.0,Nonprofits & Activism,57.961783439490446,3.7563285970929283,4.948554630083293,3.707333006696064,0.03266372693124285,4.6382492242364854,1.0779029887310143
2009,13577,6400.0,333.0,772.0,772.0,10.0,741.0,147.0,Nonprofits & Activism,47.13854312440156,2.4526773219415188,5.6860867643809385,5.6860867643809385,0.07365397363187744,5.457759446122119,1.0827134123885984
2010,21495,10142.0,596.0,1218.0,1606.0,13.0,1599.0,279.0,Nonprofits & Activism,47.183065829262624,2.7727378460107,5.666434054431263,7.471505001163062,0.06047918120493138,7.43893928820656,1.2979762735519889
2011,28280,12111.0,595.0,1654.0,2312.0,18.0,1584.0,218.0,Nonprofits & Activism,42.82531824611033,2.103960396039604,5.848656294200849,8.175388967468175,0.06364922206506365,5.601131541725602,0.770862800565771
2012,39107,19644.0,1056.0,3594.0,4600.0,205.0,3485.0,291.0,Nonprofits & Activism,50.23141637047076,2.7002838366532846,9.190170557700668,11.762600046027567,0.524202828138185,8.911448078349144,0.7441123072595699
2013,59203,31190.0,1396.0,11476.0,10438.0,137.0,4816.0,304.0,Nonprofits & Activism,52.68314105704103,2.3579886154417853,19.38415283009307,17.63086330084624,0.2314071922030978,8.134722902555612,0.5134874921878959
2014,70375,28116.0,1924.0,7227.0,8284.0,24.0,4642.0,637.0,Nonprofits & Activism,39.951687388987565,2.73392539964476,10.269271758436945,11.771225577264653,0.03410301953818828,6.596092362344582,0.9051509769094138
2015,82187,51480.0,3130.0,24825.0,10012.0,31.0,5971.0,598.0,Nonprofits & Activism,62.63764342292577,3.8083881879129304,30.20550695365447,12.181975251560466,0.037718860647060974,7.265139255600034,0.7276089892562083
2016,97483,67087.0,4471.0,29366.0,22708.0,18.0,15884.0,751.0,Nonprofits & Activism,68.81917872859883,4.586440712739657,30.124226788260515,23.29431798364843,0.01846475795779777,16.294123077869987,0.7703907347947847
2017,118501,75587.0,6219.0,35443.0,24595.0,35.0,13173.0,625.0,Nonprofits & Activism,63.785959612155175,5.248056978422123,29.909452240909363,20.755099113087653,0.029535615733200564,11.116361887241458,0.5274217095214386
2018,130403,86276.0,8948.0,42109.0,33215.0,32.0,16931.0,620.0,Nonprofits & Activism,66.16105457696526,6.861805326564572,32.291435012998164,25.471039776692255,0.024539312745872413,12.983597003136433,0.475449184451278
2008,6921,2375.0,129.0,492.0,479.0,0.0,872.0,219.0,Pets & Animals,34.31585031064875,1.8638925010836587,7.108799306458605,6.9209651784424215,0.0,12.599335356162406,3.1642826181187687
2009,10295,4116.0,456.0,1115.0,956.0,4.0,1226.0,348.0,Pets & Animals,39.980573093734826,4.429334628460418,10.83050024283633,9.286061194754735,0.03885381253035454,11.908693540553667,3.3802816901408446
2010,15596,6563.0,819.0,2118.0,1741.0,5.0,2277.0,451.0,Pets & Animals,42.08130289817902,5.251346499102334,13.580405232110799,11.163118748397025,0.03205950243652218,14.599897409592202,2.8917671197743013
2011,21037,9467.0,1222.0,2591.0,3087.0,45.0,3306.0,578.0,Pets & Animals,45.001663735323476,5.808813043684936,12.316394923230499,14.674145553073156,0.2139088273042734,15.71516851262062,2.747540048486001
2012,30398,15107.0,1862.0,4350.0,6505.0,20.0,5552.0,477.0,Pets & Animals,49.69734850977038,6.125402987038621,14.310151983683136,21.399434173300875,0.06579380222383051,18.26435949733535,1.5691821830383579
2013,38922,20785.0,2396.0,7308.0,9582.0,8.0,6852.0,683.0,Pets & Animals,53.401675145162116,6.1559015466831095,18.776013565592724,24.61846770464005,0.020553928369559632,17.604439648527826,1.7547916345511536
2014,37009,22559.0,3181.0,8864.0,12783.0,10.0,6536.0,646.0,Pets & Animals,60.95544327055581,8.595206571374531,23.950930854656978,34.54024696695399,0.027020454484044422,17.660569050771436,1.7455213596692696
2015,48439,29316.0,3097.0,9609.0,15870.0,20.0,8360.0,736.0,Pets & Animals,60.52148062511613,6.393608455996201,19.83732116682838,32.76285637606061,0.041289043952187285,17.258820372014284,1.519436817440492
2016,66900,41070.0,6419.0,17588.0,21328.0,109.0,13169.0,939.0,Pets & Animals,61.39013452914798,9.5949177877429,26.28998505231689,31.880418535127053,0.16292974588938716,19.684603886397607,1.4035874439461884
2017,101161,70205.0,13252.0,30737.0,32805.0,105.0,22542.0,1592.0,Pets & Animals,69.39927442393808,13.099910044384695,30.384238985379742,32.428505056296395,0.10379494073803146,22.283290991587666,1.5737290062375817
2018,145417,94581.0,21825.0,32366.0,46709.0,268.0,31287.0,2855.0,Pets & Animals,65.04122626653005,15.008561584959118,22.257370183678663,32.120728663086155,0.18429757181072365,21.515366153888476,1.963319281789612
2008,51183,21963.0,2848.0,4829.0,8260.0,93.0,6005.0,1992.0,Music,42.91073207901061,5.564347537268233,9.4347732645605,16.13817087704902,0.18170095539534611,11.73241115214036,3.891917238145478
2009,116200,54013.0,6876.0,15191.0,22882.0,261.0,17733.0,4979.0,Music,46.48278829604131,5.917383820998278,13.073149741824441,19.691910499139414,0.22461273666092943,15.260757314974182,4.284853700516352
2010,174585,82066.0,10684.0,25114.0,32455.0,309.0,27872.0,10073.0,Music,47.00632929518573,6.119655182289429,14.384970071884757,18.589798665406533,0.17699115044247787,15.964716327290432,5.769682389666925
2011,285111,145114.0,20313.0,49744.0,66260.0,266.0,47350.0,12260.0,Music,50.897369796324945,7.124593579342782,17.447239846936807,23.24007141078387,0.0932969966083385,16.60756687746176,4.300079618113647
2012,404498,238955.0,35688.0,97071.0,123960.0,503.0,82741.0,17552.0,Music,59.074457722905926,8.822787751731777,23.99789368550648,30.64539256065543,0.12435166552121393,20.455230928212252,4.33920563266073
2013,521508,334743.0,50618.0,152632.0,184106.0,1003.0,121124.0,20805.0,Music,64.18751006695966,9.706083128159108,29.267432139104287,35.30262239505434,0.19232686746895541,23.22572232832478,3.9893923007892496
2014,653974,440914.0,60822.0,209126.0,269238.0,1201.0,179394.0,25786.0,Music,67.42072314801506,9.300369739469765,31.977723885047414,41.16952661726613,0.18364644465987945,27.431365772951217,3.942970209824855
2015,795565,556422.0,80966.0,302127.0,356773.0,3205.0,234934.0,31801.0,Music,69.94048255013733,10.177169684438104,37.97640670466901,44.84523577583227,0.40285834595539016,29.530459484768684,3.997284948432875
2016,1012825,728162.0,112398.0,416491.0,470521.0,3683.0,307998.0,40570.0,Music,71.8941574309481,11.097474884604942,41.1217140177227,46.45629797842668,0.36363636363636365,30.409794386986892,4.005627823167872
2017,1320471,949318.0,153929.0,549530.0,626568.0,6132.0,405531.0,45585.0,Music,71.89237779549873,11.657128403425746,41.61621118525132,47.450341582662546,0.4643797554054576,30.711087180256136,3.4521772912847006
2018,1612171,1087263.0,210006.0,634416.0,733537.0,6620.0,474862.0,50890.0,Music,67.44092283014643,13.026285673169905,39.35165686518366,45.49995006733157,0.4106264161804176,29.45481589732107,3.1566130391875302
2008,25270,9089.0,167.0,903.0,667.0,1.0,1203.0,768.0,News & Politics,35.96755045508508,0.6608626830233478,3.5734072022160666,2.6394934705184014,0.003957261574990107,4.760585674713099,3.0391768895924023
2009,67463,17526.0,711.0,1473.0,3466.0,40.0,3323.0,1749.0,News & Politics,25.978684612306,1.0539110327142285,2.1834190593362286,5.13763099773209,0.059291759927664056,4.925662955990691,2.592532202837111
2010,97464,23374.0,1401.0,3361.0,5932.0,45.0,4241.0,2257.0,News & Politics,23.982188295165393,1.4374538291061314,3.448452762045473,6.0863498317327425,0.04617089386850529,4.351350242140688,2.315726832471477
2011,169560,43092.0,1985.0,6776.0,13822.0,118.0,8810.0,5016.0,News & Politics,25.414012738853504,1.1706770464732248,3.9962255248879455,8.1516867185657,0.06959188487850908,5.195800896437839,2.9582448690728946
2012,246839,76775.0,3624.0,14036.0,26230.0,1917.0,21066.0,13144.0,News & Politics,31.103269742625763,1.4681634587727224,5.686297546173822,10.626359691944952,0.7766195779435179,8.534307787667265,5.324928394621596
2013,349808,125974.0,15602.0,34945.0,45214.0,1020.0,36662.0,18851.0,News & Politics,36.012326762109495,4.460161002607144,9.989765814389608,12.925376206376068,0.29158852856424095,10.480606504139415,5.388956227416183
2014,460032,195563.0,21876.0,69906.0,101947.0,355.0,75404.0,25955.0,News & Politics,42.51073838341681,4.7553213689482465,15.195899415692821,22.16084968002226,0.0771685447968837,16.39103366722315,5.641998817473567
2015,596981,316352.0,29337.0,111207.0,185291.0,448.0,147724.0,35268.0,News & Politics,52.991971268767344,4.914226750935121,18.62823104922937,31.038006234704284,0.07504426439032398,24.745176144634417,5.907725706513273
2016,873908,470327.0,45939.0,172854.0,302744.0,4423.0,216348.0,49138.0,News & Politics,53.818823034003586,5.256731829895138,19.77942758276615,34.642548185850224,0.5061173487369379,24.756381678620635,5.622788668830129
2017,1290183,731850.0,79393.0,242818.0,497074.0,5236.0,284162.0,68314.0,News & Politics,56.72451117399625,6.153623168186219,18.82043090011262,38.52740270178727,0.4058339010822496,22.024937547619214,5.294907776648739
2018,2120989,1258286.0,187238.0,492943.0,966315.0,4025.0,553081.0,97901.0,News & Politics,59.32543733135815,8.827862850773862,23.24118606932898,45.55964222350988,0.18976996108890712,26.076561453171138,4.615818375295675
2008,18476,8447.0,326.0,770.0,1310.0,24.0,2703.0,215.0,Autos & Vehicles,45.718770296600994,1.7644511799090712,4.167568737822039,7.090279281229702,0.12989824637367395,14.62978999783503,1.1636717904308291
2009,35480,14722.0,1456.0,3005.0,2853.0,25.0,3131.0,332.0,Autos & Vehicles,41.49379932356257,4.1037204058624575,8.469560315670801,8.041149943630215,0.07046223224351747,8.824689966178129,0.9357384441939121
2010,59593,26618.0,1466.0,3838.0,4685.0,80.0,6489.0,160.0,Autos & Vehicles,44.666319869783365,2.4600204722031114,6.440353732820969,7.86166160455087,0.1342439548269092,10.888862785897672,0.2684879096538184
2011,88574,42843.0,3107.0,9642.0,11482.0,95.0,11480.0,523.0,Autos & Vehicles,48.36972474992661,3.5078013864113617,10.885812992526024,12.963172036940861,0.1072549506627227,12.960914037979542,0.5904667283853049
2012,135684,70526.0,5785.0,18607.0,25957.0,142.0,17205.0,1490.0,Autos & Vehicles,51.978125644880755,4.263583031160638,13.713481324253413,19.130479643878424,0.10465493352200701,12.680198107367119,1.0981397954069751
2013,162838,88078.0,7010.0,33076.0,37980.0,342.0,23317.0,1409.0,Autos & Vehicles,54.08934032596814,4.30489197853081,20.31221213721613,23.32379420037092,0.2100246871123448,14.319139267247202,0.8652771466119702
2014,186404,104330.0,12674.0,40228.0,48283.0,503.0,29698.0,1859.0,Autos & Vehicles,55.96982897362718,6.799210317375164,21.581081951031095,25.902341151477437,0.26984399476406085,15.932061543743698,0.9972961953606146
2015,258044,172977.0,17466.0,53382.0,113758.0,1002.0,39543.0,2872.0,Autos & Vehicles,67.03391669637736,6.768613104741828,20.687169629985583,44.08472973601401,0.38830587031669017,15.324130768396088,1.1129884825843654
2016,260582,165476.0,29395.0,74528.0,92607.0,779.0,57443.0,5010.0,Autos & Vehicles,63.5024675533997,11.280518224589573,28.600594054846457,35.538525301056865,0.29894620503334846,22.044116631233162,1.922619367416015
2017,345724,220875.0,46205.0,97446.0,118773.0,806.0,70547.0,6409.0,Autos & Vehicles,63.88766761925698,13.364707107403593,28.186067498929784,34.354861103076445,0.23313394499658688,20.40558364475709,1.8537908852147955
2018,385196,263679.0,66525.0,106074.0,132307.0,753.0,81935.0,6557.0,Autos & Vehicles,68.45320304468375,17.27042856104425,27.537669134674296,34.347968307043686,0.1954848960009969,21.270989314530784,1.7022502829728243
2008,26063,15148.0,1192.0,3054.0,2825.0,65.0,3602.0,491.0,Howto & Style,58.12070751640256,4.573533361470283,11.717760810344165,10.839120592410698,0.24939569504661782,13.820358362429497,1.8838967118136822
2009,42771,26539.0,2899.0,6417.0,7286.0,211.0,8931.0,1612.0,Howto & Style,62.04905192770802,6.777957026957518,15.003156344251947,17.034906829393748,0.4933249164153281,20.880970751209933,3.768908840101938
2010,67351,46383.0,6911.0,14157.0,14817.0,244.0,16711.0,2925.0,Howto & Style,68.86757434930439,10.261169099196746,21.01973244643732,21.999673353031135,0.36228118364983447,24.811806803165506,4.34291992694986
2011,108199,73403.0,11831.0,26330.0,33005.0,277.0,26098.0,2974.0,Howto & Style,67.8407378996109,10.93448183439773,24.334790524866218,30.50397877984085,0.2560097597944528,24.12037079825137,2.748639081692067
2012,180681,135329.0,25170.0,56147.0,68437.0,784.0,55289.0,5312.0,Howto & Style,74.89940834952209,13.930629119829977,31.07520990032156,37.877253280643785,0.43391391457873274,30.600339825438205,2.9399881559212093
2013,246132,196258.0,34353.0,95269.0,110300.0,1533.0,95159.0,6601.0,Howto & Style,79.73688914891197,13.957144946614012,38.706466448897345,44.81335218500642,0.6228365267417484,38.6617749825297,2.6818942681162956
2014,293392,240237.0,51546.0,120330.0,146563.0,1342.0,123074.0,9338.0,Howto & Style,81.88260075257676,17.568986202759447,41.01338823144462,49.95466815727764,0.45740851829634077,41.948655723400776,3.182772536401811
2015,380797,317974.0,73821.0,166093.0,194200.0,1373.0,158752.0,11019.0,Howto & Style,83.502233473478,19.385919531929087,43.61720286661922,50.99830093199264,0.3605595632318532,41.68940406568329,2.893667754735463
2016,523933,436275.0,119695.0,239042.0,270845.0,1534.0,228151.0,13610.0,Howto & Style,83.26923480674056,22.8454783340618,45.62453596165922,51.69458690328725,0.29278552792055473,43.545835059062895,2.597660387874022
2017,702145,590474.0,189674.0,329808.0,367514.0,4527.0,293181.0,14876.0,Howto & Style,84.09573521138796,27.013508605772312,46.97149449187846,52.3416103511383,0.6447386223643264,41.755050594962576,2.1186507060507447
2018,791664,665634.0,240816.0,369507.0,416769.0,8712.0,323401.0,15327.0,Howto & Style,84.08036742860607,30.418965621778938,46.674725641181105,52.64468259261504,1.1004668647304916,40.85079023424079,1.936048626690111
2008,17317,8952.0,774.0,1453.0,1330.0,3.0,1897.0,516.0,Science & Technology,51.69486631633655,4.469596350407114,8.390598833516199,7.680314142172431,0.017324016862043077,10.954553329098573,2.97973090027141
2009,32539,16708.0,1885.0,2685.0,3900.0,26.0,3922.0,897.0,Science & Technology,51.34761363287132,5.793048341989612,8.251636497741172,11.985617259288853,0.07990411506192568,12.053228433572022,2.7566919696364365
2010,52310,28250.0,3528.0,5480.0,7276.0,20.0,7506.0,845.0,Science & Technology,54.00497036895431,6.744408334926401,10.476008411393616,13.90938635060218,0.03823360734085261,14.349072835021984,1.6153699101510228
2011,83395,48183.0,6761.0,12542.0,16811.0,87.0,15683.0,1364.0,Science & Technology,57.77684513460039,8.107200671503088,15.039270939504767,20.158282870675702,0.1043228011271659,18.805683793992443,1.6355896636488998
2012,125864,73057.0,12008.0,23394.0,29900.0,300.0,27157.0,3354.0,Science & Technology,58.04439712705778,9.540456365600965,18.58672853238416,23.755799911015064,0.23835250746837858,21.576463484395855,2.6647810334964723
2013,168943,107370.0,18188.0,35496.0,42846.0,642.0,42920.0,5122.0,Science & Technology,63.553979744647606,10.765761233078612,21.01063672362868,25.361216504975047,0.38000982579923404,25.40501826059677,3.0317917877627365
2014,186324,127258.0,25478.0,48734.0,51924.0,529.0,52781.0,6162.0,Science & Technology,68.29930658422963,13.674030183980593,26.155514050793244,27.867585496232373,0.28391404220604965,28.327536978596424,3.307142397114703
2015,220923,155944.0,35986.0,59654.0,69847.0,1174.0,67347.0,8314.0,Science & Technology,70.58748975887526,16.28893324823581,27.002168176242403,31.61599290250449,0.531406870267016,30.48437690960199,3.7633021459965685
2016,281005,205839.0,54695.0,82989.0,100559.0,972.0,86813.0,9837.0,Science & Technology,73.25100976850946,19.464066475685485,29.53292646038327,35.7854842440526,0.34590131848187755,30.893756338855184,3.5006494546360387
2017,390603,301642.0,97122.0,141437.0,159717.0,1391.0,128135.0,12021.0,Science & Technology,77.22470129517694,24.86463237609542,36.209911342206794,40.889854916628906,0.3561160564562996,32.80440754423289,3.077549327578129
2018,476513,368926.0,140457.0,168463.0,204010.0,1709.0,168020.0,15185.0,Science & Technology,77.42202206445575,29.476005901203116,35.35328521992055,42.81310268555107,0.3586470883270761,35.26031818649229,3.18669165374292
2008,9555,4197.0,771.0,2057.0,1609.0,153.0,1020.0,573.0,Comedy,43.92464678178964,8.069073783359498,21.5279958137101,16.83935112506541,1.6012558869701727,10.675039246467819,5.996860282574568
2009,14795,7392.0,969.0,3328.0,3539.0,457.0,1931.0,1288.0,Comedy,49.962825278810406,6.549509969584319,22.494085839810747,23.92024332544779,3.088881378844204,13.051706657654613,8.705643798580603
2010,18945,9606.0,1257.0,4776.0,4771.0,503.0,2819.0,1393.0,Comedy,50.70467141726049,6.634996041171813,25.209817893903402,25.183425705991024,2.6550541039852207,14.879915544998681,7.352863552388493
2011,32902,17758.0,3069.0,8669.0,10281.0,787.0,6051.0,2115.0,Comedy,53.97240289344113,9.327700443742023,26.34794237432375,31.247340587198348,2.3919518570299676,18.390979271776793,6.428180657710778
2012,50393,26972.0,3982.0,14674.0,17169.0,2211.0,9145.0,2604.0,Comedy,53.5233068084853,7.901891135673606,29.119123687813786,34.07020816383228,4.387514138868494,18.14736173674915,5.167384358938742
2013,68485,39361.0,6033.0,21824.0,25434.0,1849.0,13952.0,3589.0,Comedy,57.473899394027896,8.809228298167483,31.86683215302621,37.138059429072065,2.6998612834927354,20.372344308972767,5.240563627071621
2014,90952,56411.0,8992.0,33100.0,40380.0,1465.0,22094.0,5552.0,Comedy,62.0228252264931,9.886533556161492,36.392822587738586,44.39704459495118,1.6107397308470401,24.29193420705427,6.104318761544551
2015,124527,74244.0,15018.0,42847.0,52705.0,3491.0,29271.0,7165.0,Comedy,59.62080512659905,12.060035173094992,34.407799111839196,42.32415460101022,2.8034080962361574,23.505745741887303,5.753772274285898
2016,164941,98481.0,22944.0,59151.0,67271.0,2878.0,39254.0,6515.0,Comedy,59.70680425121711,13.910428577491347,35.861914260250636,40.78488671706853,1.7448663461480167,23.79881290885832,3.9498972359813505
2017,212665,126351.0,34762.0,72288.0,85802.0,2733.0,50733.0,6395.0,Comedy,59.41316154515317,16.3458961277126,33.99148896151224,40.346084216960946,1.2851197893400417,23.855829591140996,3.0070768579691065
2018,224823,137355.0,37463.0,74066.0,92899.0,1978.0,54490.0,6527.0,Comedy,61.09472785257736,16.663330709046672,32.94413827766732,41.32095025864791,0.8798032229798552,24.236844095132614,2.9031727180937894
2008,22799,11776.0,4506.0,1915.0,1099.0,2.0,1383.0,148.0,Education,51.65138821878153,19.7640247379271,8.39949120575464,4.820386859072767,0.008772314575200666,6.066055528751261,0.6491512785648493
2009,41520,21423.0,3381.0,4303.0,3133.0,30.0,4314.0,452.0,Education,51.596820809248555,8.143063583815028,10.363680154142582,7.545761078998073,0.0722543352601156,10.390173410404625,1.0886319845857417
2010,74632,39246.0,6758.0,8740.0,8314.0,52.0,9141.0,800.0,Education,52.58602208168078,9.05509700932576,11.710794297352342,11.139993568442492,0.0696752063458034,12.248097330903635,1.0719262514738985
2011,120596,65052.0,10774.0,17958.0,14205.0,44.0,15395.0,1207.0,Education,53.94208763143056,8.933961325417094,14.891041162227603,11.778997645029685,0.036485455570665695,12.765763375236327,1.0008623834953065
2012,169777,99364.0,17329.0,27955.0,24201.0,327.0,22373.0,1631.0,Education,58.52618434770316,10.206918487192022,16.465716793205203,14.254581009206193,0.19260559439735653,13.177874505969594,0.9606719402510351
2013,216381,132849.0,23495.0,36946.0,39917.0,2659.0,30252.0,2464.0,Education,61.39587117168328,10.858162223115709,17.074512087475334,18.44755315854904,1.2288509619606158,13.980894810542516,1.1387321437649331
2014,255626,159912.0,29144.0,51207.0,54783.0,440.0,45016.0,3419.0,Education,62.55701689186546,11.401031194009999,20.031999874817117,21.430918607653368,0.17212646600893491,17.61010225876867,1.3375008801921557
2015,326137,220831.0,42443.0,78743.0,79237.0,976.0,63810.0,4677.0,Education,67.71111526751028,13.013856140211017,24.144148011418515,24.295618099142384,0.29926074011841647,19.565397363684585,1.434059919604338
2016,446510,306033.0,73108.0,125944.0,121672.0,814.0,105576.0,8882.0,Education,68.53889050637164,16.373205527311818,28.206311168842802,27.249557680679043,0.18230274797876866,23.644711204676266,1.9892051689771786
2017,660003,485948.0,144457.0,213262.0,226670.0,1226.0,185537.0,11612.0,Education,73.62815017507496,21.88732475458445,32.312277368436206,34.34378328583355,0.18575673140879662,28.111538886944455,1.7593859421851112
2018,854858,663884.0,195638.0,294786.0,311816.0,2226.0,245533.0,13386.0,Education,77.66014940493041,22.88543828331723,34.48362184128826,36.47576556574308,0.26039412393637307,28.722080158342088,1.5658740983882702
2008,23328,9146.0,1231.0,870.0,1305.0,964.0,1338.0,251.0,Sports,39.20610425240055,5.276920438957476,3.729423868312757,5.594135802469136,4.132373113854595,5.735596707818931,1.075960219478738
2009,45629,18331.0,2117.0,1941.0,2278.0,981.0,2515.0,417.0,Sports,40.1740121414013,4.639593241140503,4.253873632996559,4.992439019044906,2.149948497665958,5.511845536829648,0.9138924806592299
2010,82347,27332.0,1974.0,4744.0,5887.0,322.0,5197.0,426.0,Sports,33.19125165458365,2.397172938904878,5.760987042636647,7.149015750421994,0.3910282098922851,6.311098157795669,0.5173230354475573
2011,137547,52083.0,4815.0,11114.0,15726.0,1195.0,14020.0,1148.0,Sports,37.86560230321272,3.500621605705686,8.080147149701556,11.433182839320377,0.8687939395261256,10.192879524816972,0.8346238013188219
2012,219892,97834.0,9906.0,29333.0,39561.0,2803.0,30235.0,3110.0,Sports,44.491841449438816,4.504938788132356,13.33973041311189,17.991104724137305,1.2747166790970113,13.749931784694306,1.4143306714205155
2013,287302,144904.0,15844.0,49040.0,70902.0,5234.0,43756.0,6395.0,Sports,50.436126445343234,5.514754509192418,17.069146751501904,24.678561235215906,1.8217763886085026,15.229967072975475,2.2258807805027465
2014,330836,179731.0,20721.0,69086.0,100367.0,9246.0,63537.0,7027.0,Sports,54.326312735010696,6.263224074768163,20.882249815618614,30.33738770871368,2.7947381784328185,19.20498373816634,2.1240131061915872
2015,435426,257952.0,32972.0,103323.0,153635.0,13884.0,97579.0,6785.0,Sports,59.24129473205551,7.572354429914613,23.729175565997437,35.28383697803989,3.188601507489217,22.410007670648973,1.5582441103654812
2016,545189,328519.0,39258.0,131206.0,194982.0,12897.0,121088.0,11100.0,Sports,60.25781884814258,7.2008055921891305,24.066149537132993,35.76411116145044,2.3656016537384286,22.21027937100712,2.0359911883768746
2017,687902,437542.0,63799.0,174015.0,268311.0,13720.0,164652.0,11883.0,Sports,63.605280984791435,9.27443153239851,25.296481184819932,39.00424769807327,1.9944701425493747,23.93538614511951,1.7274262903727566
2018,861920,574477.0,106342.0,220995.0,376588.0,21870.0,229254.0,26236.0,Sports,66.6508492667533,12.337803972526453,25.639850566177834,43.6917579357713,2.5373584555411175,26.598060144793017,3.043901986263226
2008,25312,9936.0,1466.0,2982.0,2466.0,966.0,3270.0,219.0,Gaming,39.254108723135275,5.791719342604298,11.780973451327434,9.742414664981036,3.8163716814159288,12.918773704171935,0.8652022756005058
2009,86693,31237.0,2401.0,11360.0,8414.0,2150.0,8731.0,563.0,Gaming,36.031744200800524,2.769543100365658,13.103710795565963,9.705512555800352,2.4800156875410932,10.071170682754087,0.6494180614351793
2010,141462,58874.0,6331.0,22413.0,18266.0,2458.0,13034.0,1301.0,Gaming,41.61824376864458,4.475406823033747,15.843830852101625,12.91230153680847,1.7375690998289295,9.213781792990344,0.9196816106092095
2011,290048,161360.0,18377.0,73850.0,74861.0,15168.0,44490.0,6703.0,Gaming,55.63217122683142,6.335847859664607,25.461302956751986,25.809865953221532,5.229479258605473,15.338840467784642,2.3109968005295674
2012,509309,335388.0,40046.0,181513.0,209638.0,30265.0,102776.0,17347.0,Gaming,65.8515753697657,7.862810199701949,35.63907176193627,41.16125966751029,5.94236504754481,20.17949810429425,3.4059873279286252
2013,833420,633944.0,91530.0,376999.0,452301.0,59409.0,229425.0,39375.0,Gaming,76.06536920160303,10.982457824386264,45.23517554174366,54.27047587050947,7.128338652780111,27.52813707374433,4.724508651100286
2014,1146869,941946.0,203053.0,577722.0,708948.0,94683.0,412080.0,64666.0,Gaming,82.13196101734374,17.70498635851174,50.37384391765756,61.815952824603336,8.25578161062859,35.93086917511939,5.638481814400772
2015,1512749,1263173.0,378726.0,787500.0,951432.0,135679.0,571240.0,82942.0,Gaming,83.50182350145332,25.03561397165029,52.057545567704885,62.89424088199694,8.96903584137223,37.761717244566015,5.4828659612401
2016,2035816,1716077.0,603562.0,1029184.0,1299970.0,177415.0,759674.0,89429.0,Gaming,84.29430754056358,29.647178330458157,50.553881097309386,63.85498492987578,8.714687378427127,37.31545483481808,4.392784023703517
2017,2478332,2105389.0,802496.0,1248837.0,1578443.0,226970.0,913201.0,85011.0,Gaming,84.95185471518747,32.380488167041385,50.39022213327351,63.68973164208831,9.158175740780493,36.847403818374616,3.4301699691566747
2018,2641479,2283730.0,906756.0,1327323.0,1705853.0,224112.0,1003610.0,72483.0,Gaming,86.45648895940494,34.32758693141229,50.24923537154753,64.57946476197614,8.484337751691381,37.99424489083577,2.744030900870308
