domain,count,category
youtube.com,51357326,content/video
bit.ly,29985037,url_shorteners
twitter.com,27442504,social_media
facebook.com,26765796,social_media
goo.gl,22548204,url_shorteners
instagram.com,15901355,social_media
youtu.be,12654279,content/video
amzn.to,12161113,monetization/affiliates
twitch.tv,5520111,social_media
soundcloud.com,3997308,content/music
patreon.com,3899918,monetization/direct
plus.google.com,3563831,social_media
discord.gg,1881665,social_media
itunes.apple.com,1497118,monetization/stores
pinterest.com,1474366,social_media
tinyurl.com,1399852,url_shorteners
amazon.com,1246667,monetization/affiliates
play.google.com,1197780,monetization/stores
creativecommons.org,898587,legal/reference
paypal.me,841262,monetization/direct
smarturl.it,805777,url_shorteners
po.st,759743,url_shorteners
steamcommunity.com,706137,gaming
teespring.com,668093,monetization/merch
go.magik.ly,647867,monetization/affiliates
on.fb.me,608236,social_media
incompetech.com,558463,content/music
geni.us,533159,monetization/affiliates
streamlabs.com,520779,monetization/direct
reddit.com,517217,social_media
open.spotify.com,507424,content/music
store.steampowered.com,491807,monetization/stores
snapchat.com,464086,social_media
google.com,429736,legal/reference
apple.co,388454,monetization/affiliates
rstyle.me,381484,url_shorteners
paypal.com,371354,monetization/direct
g2a.com,343498,monetization/affiliates
fb.com,336436,social_media
epidemicsound.com,309905,content/music
spoti.fi,299294,url_shorteners
etsy.com,297104,monetization/stores
dailymotion.com,287809,content/video
linkedin.com,287452,social_media
full.sc,282507,url_shorteners
fxempire.com,260345,news
vk.com,259468,social_media
audiomicro.com,241440,content/music
ldli.co,238047,monetization/affiliates
roblox.com,237788,gaming
beatport.com,227115,content/music
shop.spreadshirt.com,221879,monetization/stores
t.me,202731,social_media
mediafire.com,193537,utils
flickr.com,189016,social_media
ow.ly,183102,url_shorteners
foxs.pt,182148,unsure
vimeo.com,181101,content/video
tiny.cc,171434,url_shorteners
en.wikipedia.org,166357,legal/reference
feiyr.com,165980,content/music
gaming.youtube.com,164465,content/video
j.mp,162755,url_shorteners
testbook.com,161424,monetization/courses
fkrt.it,153593,url_shorteners
nexusmods.com,152894,gaming
youtube.streamlabs.com,151477,unsure
m.facebook.com,149369,social_media
shrsl.com,149154,url_shorteners
gofundme.com,142839,monetization/direct
on.msnbc.com,141483,news
bit.do,138972,url_shorteners
t.co,137741,url_shorteners
cnb.cx,135867,url_shorteners
vine.co,135821,content/video
ncs.io,135633,content/music
bensound.com,134188,content/music
redbubble.com,131327,monetization/merch
piff.me,128358,unsure
e.lga.to,126719,url_shorteners
docs.google.com,126580,legal/reference
kit.com,122297,monetization/affiliates
push.com.ph,121595,news
nbcnews.to,121264,news
drive.google.com,120658,utils
discordapp.com,120466,social_media
popyachts.com,118097,other
ask.fm,117624,social_media
video.foxnews.com,114398,utils
nnn.is,114094,unsure
unionforgamers.com,113871,monetization/affiliates
nfl.com,113725,entertaiement
amazon.co.uk,108246,monetization/affiliates
aparchive.com,106769,news
younow.com,103598,social_media
fb.me,102059,social_media
audionautix.com,100171,content/music
shopstyle.it,98925,monetization/affiliates
ted.com,97847,content/video
bitly.com,97038,url_shorteners
kontrolfreek.com,95376,monetization/stores
adf.ly,93960,url_shorteners
tidd.ly,93631,url_shorteners
amazon.de,92115,monetization/affiliates
www..com,91762,unsure
fox.tv,91492,entertainement
rt.com,91199,news
in.pinterest.com,91135,social_media
tumblr.com,89716,unsure
entertainment.abs-cbn.com,88957,entertainement
restream.io,88645,utils
es.pn,88169,url_shorteners
on.today.com,87650,news
abpnews.abplive.in,84924,news
bsta.rs,84909,url_shorteners
gfuel.com,84857,monetization/sponsors
f24.my,83253,unsure
a.co,82759,url_shorteners
next9news.in,82419,news
m.youtube.com,81032,content/video
eepurl.com,80805,url_shorteners
scufgaming.com,80423,monetization/stores
samaa.tv,79594,news
beamng.com,78890,gaming
dailymail.co.uk,78782,news
tubebuddy.com,77206,utils
lootcrate.com,77044,unsure
cbsn.ws,76757,url_shorteners
ebates.com,75388,monetization/affiliates
ddinews.gov.in,75160,news
goodreads.com,74945,unsure
nba.com,74634,unsure
etrailer.com,74088,monetization/stores
bhpho.to,73866,url_shorteners
ko-fi.com,73835,monetization/direct
hindi.news18.com,73742,news
ndtv.com,73109,news
myspace.com,72622,social_media
amazon.in,72580,monetization/affiliates
mobile.twitter.com,72350,social_media
gcn.eu,72321,other
twitch.streamlabs.com,72034,monetization/direct
minds.com,70272,social_media
kalingatv.com,69227,news
store.playstation.com,69211,monetization/stores
gumroad.com,67340,monetization/stores
gplus.to,67196,url_shorteners
wsj.com,66180,news
ign.com,65962,gaming
is.gd,65801,url_shorteners
claytrader.com,65703,monetization/courses
gleam.io,65125,other
design.daddygif.com,64941,unsure
eonli.ne,64904,unsure
ebay.com,64573,monetization/stores
zee5.com,64508,content/video
trt.world,63613,news
weibo.com,63559,social_media
minecraftforum.net,63503,gaming
steemit.com,62935,social_media
op.gg,62835,gaming
tv9telugu.com,62775,news
freedom.tm,62513,unsure
mixcloud.com,62509,content/music
deviantart.com,62281,content/portfolios
digtb.us,61662,unsure
vid.io,61460,content/video
imgur.com,61454,other
hyperurl.co,61107,url_shorteners
twitchalerts.com,59956,unsure
github.com,59945,unsure
fave.co,59897,url_shorteners
fanlink.to,59624,url_shorteners
instagr.am,59128,social_media
btn.com,58932,content/video
udemy.com,57633,monetization/courses
bitchute.com,57412,content/video
matchhistory.na.leagueoflegends.com,56824,gaming
chat.whatsapp.com,56810,social_media
c.mp.ucweb.com,56532,unsure
abplive.in,56485,news
c9.gg,56181,gaming
indiatvnews.com,55928,news
sonyliv.com,55581,content/video
win.gs,54347,url_shorteners
humblebundle.com,53684,monetization/stores
stockfootage.com,53547,content/video
mlb.mlb.com,53373,news
lcpdfr.com,53283,gaming
newsone.tv,53210,news
mtv.com.lb,52979,entertainement
djtunes.com,52385,content/music
doubtnut.com,52335,content/video
djshop.de,52325,monetization/stores
designbyhumans.com,52140,monetization/stores
sellfy.com,51958,monetization/stores
gamespot.com,51900,gaming
1aau.to,51708,url_shorteners
unsplash.com,51647,content/portfolios
pastebin.com,51647,other
osu.ppy.sh,51396,gaming
bravo.ly,51349,unsure
gta5-mods.com,51131,gaming
britishpathe.com,51105,news
news24online.com,50974,news
twinmusicom.org,50720,content/music
gmanews.tv,50601,news
hindi.news24online.com,50561,news
tunestotube.com,50526,unsure
teepublic.com,50165,monetization/merch
machinimasound.com,50150,content/music
at.nick.com,49980,unsure
wgg.mobi,49930,url_shorteners
autotrader.co.za,49097,monetization/stores
motionarray.com,48986,content/video
buzzfeed.com,48955,news
ebay.to,48855,monetization/stores
player.epidemicsound.com,47687,content/music
amara.org,47629,content/video
bbc.co.uk,47002,news
ruptly.tv,46923,news
dropbox.com,46685,utils
itv.com,46575,entertainement
ttpm.com,46134,unsure
socialclub.rockstargames.com,46040,gaming
ddnews.gov.in,45539,news
firehandcards.com,45361,unsure
awe.sm,45326,url_shorteners
pro.beatport.com,45214,content/music
mixer.com,44938,social_media
gatewayclassiccars.com,44935,other
epidemicsound.com),44910,content/music
en.wiktionary.org,44826,legal/reference
shareasale.com,44670,monetization/affiliates
discogs.com,44450,content/music
neonetwork.pk,44361,unsure
theaudiopedia.com,44071,legal/reference
web.facebook.com,43840,social_media
raresoulman.co.uk,43759,unsure
bookdepository.com,43615,monetization/stores
qvc.co,43416,monetization/stores
play.spotify.com,43228,content/music
smash.gg,42981,gaming
hybiz.tv,42246,content/video
periscope.tv,41887,social_media
btprt.dj,41665,url_shorteners
stitcher.com,41572,content/music
france24.com,41469,news
gmbn.eu,41408,unsure
districtlines.com,41216,monetization/stores
sigmabeauty.com,40934,monetization/stores
amzn.com,40803,monetization/affiliates
fashionchannel.it,40799,other
citizentv.co.ke,40451,news
itun.es,40380,url_shorteners
i.imgur.com,39728,other
gamerfuzion.com,39220,unsure
uww.io,38536,unsure
zeenews.india.com,38463,news
ustream.tv,38437,content/video
trancentral.tv,38334,content/video
gtomegaracing.com,37615,monetization/stores
pixiv.net,37573,content/portfolios
aminoapps.com,37504,social_media
doubtnut.app.link,37490,unsure
astore.amazon.com,37007,monetization/affiliates
ocremix.org,36920,content/music
espn.com,36890,news
next9news.com,36753,news
yogsca.st,36611,url_shorteners
zameen.com,36608,other
channel24bd.tv,36588,news
sigma-beauty.7eer.net,36166,unsure
vpwow.com,36149,unsure
hotstar.com,36021,content/video
abs-cbn.com,35666,news
farming-simulator.com,35632,gaming
blogtalkradio.com,35604,other
thizzler.com,35586,content/music
apply.fullscreen.net,35582,unsure
imdb.com,35220,other
wp.me,35158,other
unacademy.com,34981,monetization/courses
plays.tv,34692,content/video
pbs.org,34499,unsure
watchmojo.com,34462,content/video
myanimelist.net,34333,other
cdbaby.com,34321,content/music
geo.itunes.apple.com,34237,content/music
cash.me,33941,unsure
pcdeal.tv,33760,unsure
evancarmichael.com,33697,other
asianetnews.com,33674,news
aparchives.tumblr.com,33662,unsure
kbsworld.co.kr,33325,content/video
mbsy.co,33294,url_shorteners
marinemax.com,33135,monetization/stores
euw.op.gg,32978,gaming
cafepress.com,32882,monetization/merch
vevo.ly,32755,url_shorteners
zazzle.com,32591,monetization/merch
reverbnation.com,32536,content/music
gab.ai,32458,social_media
tytnetwork.com,32425,news
londonreal.tv,32395,content/video
streamtip.com,32301,monetization/direct
democracynow.org,32235,news
davidpakman.com,32173,news
vid.me,32099,content/video
chriszabriskie.com,31958,content/music
99l.tv,31930,url_shorteners
fashionnova.com,31817,monetization/stores
somoynews.tv,31712,news
zps.to,31698,url_shorteners
indiatoday.intoday.in,31678,news
wiwibloggs.com,31555,news
greenmangaming.com,31356,monetization/stores
imbc.com,31342,unsure
pinterest.co.uk,31283,social_media
gamejolt.com,31214,gaming
rover.ebay.com,31095,monetization/stores
lnk.to,31010,url_shorteners
bbc.in,31006,url_shorteners
wiki.ezvid.com,30993,content/video
bhaarattoday.com,30830,news
msb.im,30753,unsure
na.op.gg,30729,gaming
thekingofhate.com,30693,unsure
standardmedia.co.ke,30486,news
ncbi.nlm.nih.gov,30414,legal/reference
std.co.ke,30398,news
di.sn,30325,url_shorteners
cnbc.com,30320,news
aljazeera.com,30271,news
liveleak.com,30122,other
planetminecraft.com,30100,gaming
deezer.com,29967,content/music
newsy.com,29960,news
chrono.gg,29717,monetization/affiliates
newsx.com,29701,news
y2u.be,29598,url_shorteners
nutritionfacts.org,29580,unsure
arcadepunk.co.uk,29550,gaming
skyrim.nexusmods.com,29334,gaming
shop.spreadshirt.co.uk,29258,monetization/merch
sprtsnt.ca,29185,unsure
hitbox.tv,29152,gaming
kickstarter.com,29111,monetization/direct
gearbest.com,29103,monetization/stores
commons.wikimedia.org,28985,unsure
cbc.ca,28971,news
sharemods.com,28950,utils
seph.me,28829,url_shorteners
discord.me,28779,social_media
famebit.com,28763,monetization/sponsors
audibletrial.com,28691,monetization/affiliates
cctvnews.tumblr.com,28654,other
youtube.shemaroo.com,28342,content/video
freesound.org,28105,content/music
sndrs.com,28038,unsure
nextnewsnetwork.com,27927,news
beatstars.com,27868,monetization/stores
v.blnk.fr,27867,url_shorteners
apinternationalfilms.com,27766,content/video
artstation.com,27701,content/portfolios
ap.org,27692,news
daveeast.fanlink.to,27685,url_shorteners
indiatoday.app.link,27635,url_shorteners
purple-planet.com,27486,content/music
chillblast.com,27370,monetization/stores
octoly.com,27226,monetization/sponsors
tolo.tv,27183,unsure
go.twitch.tv,26911,social_media
monster.cat,26816,unsure
fiverr.com,26759,unsure
gtasnp.com,26749,unsure
machinerytrader.com,26686,monetization/stores
zaful.com,26667,monetization/stores
ipsy.com,26634,other
glidebros.com,26628,unsure
wionews.com,26612,news
amazon.ca,26479,monetization/affiliates
share.cbn.com,26276,unsure
xbox.com,26142,gaming
africanews.com,26004,news
on.wsj.com,25975,url_shorteners
inewslive.net,25673,news
lehren.com,25657,entertainement
medium.com,25561,unsure
rumble.com,25545,content/video
subscribestar.com,25456,monetization/direct
publictv.in,25414,news
go.nowth.is,25356,url_shorteners
thomann.de,25333,monetization/stores
t.maxpreps.com,25225,news
abpmajha.abplive.in,25173,news
theguardian.com,25161,news
wochit.com,25138,content/video
gum.co,25125,url_shorteners
sabc.co.za,24972,news
themangonews.com,24922,news
ironsidecomputers.com,24915,monetization/stores
britishpathe.tv,24849,news
audiojungle.net,24819,content/music
m.onelink.me,24645,url_shorteners
v6news.tv,24644,news
interviewdot.com,24530,unsure
presstv.com,24453,news
banggood.com,24383,monetization/stores
islamondemand.com,24181,content/video
tigerfitness.com,24096,monetization/stores
help.tc,24070,unsure
kinolibrary.com,23837,content/video
kexp.org,23827,content/music
talkshowscentral.com,23783,entertai nement
pixabay.com,23725,content/portfolios
aninews.in,23599,news
apnlive.com,23581,unsure
etsy.me,23535,monetization/stores
truckpaper.com,23497,other
sites.google.com,23437,utils
nytimes.com,23435,news
coinbase.com,23415,unsure
strava.com,23329,social_media
cdkeys.com,23286,monetization/stores
emvn.co,23277,unsure
abo.io,23255,unsure
clevver.com,23242,entertainement
tv5news.in,23228,news
represent.com,23186,monetization/merch
24newshd.tv,23168,news
ibotta.com,23151,unsure
aliexpress.com,23041,monetization/stores
untvweb.com,22971,news
saavn.com,22897,content/music
logo.to,22773,other
usagym.org,22752,other
moddb.com,22722,gaming
abnandhrajyothy.com,22693,news
bbcom.me,22679,unsure
zoomtv.tumblr.com,22576,other
zoomtv.com,22572,unsure
bd.linkedin.com,22571,social_media
abpsanjha.abplive.in,22564,news
hautelook.com,22539,monetization/stores
urlzs.com,22505,url_shorteners
mtdcnc.com,22473,monetization/stores
eatreadlove.me,22473,other
parts-people.com,22437,monetization/stores
minecraft.net,22398,gaming
instant-gaming.com,22350,monetization/stores
player.me,22339,unsure
newgrounds.com,22275,gaming
viralbollywood.com,22256,entertainement
bbstv.ug,22255,unsure
mlg.tv,22249,gaming
forums.terraria.org,22216,gaming
thehansindia.com,22193,news
behance.net,22158,content/portfolios
hatfil.ms,22133,unsure
hmtvlive.com,22128,news
time.com,22114,news
wmur.com,22101,news
500px.com,22101,content/portfolios
ptcnews.tv,22064,news
dotabuff.com,22039,gaming
freemusicarchive.org,21879,content/music
linkshrink.net,21858,url_shorteners
mega.nz,21856,utils
found.ee,21830,url_shorteners
bestpianomethod.com,21758,monetization/courses
stv.tv,21750,news
airbnb.com,21746,other
manoramanews.com,21642,news
jangbricks.com,21606,other
ali.pub,21580,url_shorteners
nation.co.ke,21569,news
howcast.com,21558,content/video
elgato.com,21555,monetization/stores
plus.kakao.com,21541,unsure
karaoke.stingray.com,21479,content/music
bbtv.go2cloud.org,21452,url_shorteners
silverbirdtv.com,21370,news
afterbuzztv.com,21351,entertainement
stores.ebay.com,21349,monetization/stores
ravelry.com,21347,other
avenues.tv,21335,content/video
epaper.v6velugu.com,21334,news
myapp.wips.com,21306,other
audioboom.com,21212,content/music
poshmark.com,21103,monetization/stores
erincondren.com,21073,monetization/stores
cutestockfootage.com,21004,content/video
thanthitv.com,20986,news
spotboye.com,20960,entertainement
nbc.com,20921,news
kairalitv.in,20852,content/video
cameo.com,20850,monetization/direct
rcmmusic.com,20822,content/music
thaboxingvoice.com,20678,news
twit.tv,20669,content/video
cyclecruza.com,20666,unsure
automototube.net,20661,content/video
hindi.indiatvnews.com,20651,news
cohh.tv,20616,content/video
soccerreviewsforyou.com,20433,unsure
gamewisp.com,20359,monetization/direct
transtv.co.id,20335,content/video
spreaker.com,20277,content/music
matchhistory.euw.leagueoflegends.com,20257,gaming
onivia.com,20238,unsure
society6.com,20150,monetization/merch
lon.tv,20002,content/video
copyright.gov,19981,legal/reference
pkpla.net,19981,unsure
erosnow.com,19971,content/video
kbc.co.ke,19951,news
joshwoodward.com,19935,content/music
uk.pinterest.com,19843,social_media
share.epidemicsound.com,19810,content/music
compiled.social,19789,unsure
gurushakti.org.in,19746,unsure
scrapbook.com,19620,monetization/stores
anchor.fm,19617,other
boardgamegeek.com,19578,gaming
sephora.com,19560,monetization/stores
gtn.io,19509,unsure
rdiaz.org,19501,unsure
arirang.com,19495,news
wall.alphacoders.com,19434,other
aje.io,19420,url_shorteners
wlky.com,19359,news
moshc.am,19259,unsure
tarlwarwick.net,19229,unsure
bernews.com,19200,news
wbaltv.com,19199,news
buff.ly,19166,url_shorteners
eurone.ws,19071,unsure
apps.apple.com,19064,monetization/stores
spr.ly,19010,url_shorteners
gaana.com,18968,content/music
acparadise.com,18949,unsure
boishakhionline.com,18939,news
news1india.in,18930,news
shemaroome.com,18912,content/video
8bitb.ro,18910,unsure
binance.com,18904,other
clips.twitch.tv,18858,content/video
theartistunion.com,18829,unsure
ebay.co.uk,18816,monetization/stores
telegraph.co.uk,18777,news
prakashastrologer.com,18741,other
hirutv.lk,18732,news
huffingtonpost.com,18692,news
truefire.com,18671,monetization/courses
dctv.co,18664,unsure
brightside.me,18645,entertai nment
apinternationalfilms.in,18628,other
skl.sh,18584,url_shorteners
datpiff.com,18526,content/music
gawkbox.com,18458,unsure
khanacademy.org,18404,monetization/courses
bigbadtoystore.com,18350,monetization/stores
wattpad.com,18340,other
play-asia.com,18337,monetization/stores
microsoft.com,18179,other
oxygen.tv,18100,content/video
skillgaming.de,18043,unsure
mlb.com,18027,entertainement
store.adda247.com,18023,monetization/stores
crunchyroll.com,18018,content/video
carlgallups.com,17990,unsure
music.apple.com,17961,content/music
fntsy.com,17934,unsure
bloglovin.com,17907,other
thomhartmann.com,17877,news
linktr.ee,17874,other
v6velugu.com,17843,news
soundclick.com,17815,content/music
cgtn.com,17784,news
ocw.mit.edu,17770,monetization/courses
yellowpages.com,17757,other
soccernostalgia.blogspot.com,17742,unsure
fas.st,17731,url_shorteners
kantipurtv.com,17725,news
angeldigital.co.in,17706,unsure
foxnewsgo.com,17678,unsure
support.google.com,17662,legal/reference
originpc.com,17652,monetization/stores
formspring.me,17652,social_media
koat.com,17549,news
galatta.com,17529,entertainement
totalwar.com,17499,gaming
millsauto.com,17473,monetization/stores
hp.com,17463,other
apps.facebook.com,17440,social_media
projectlifemastery.com,17439,unsure
instantgo.com,17361,unsure
go.tagjag.com,17246,url_shorteners
on.mash.to,17242,unsure
beadaholique.com,17235,monetization/stores
apinternationalfilms.blogspot.com,17161,unsure
pathofexile.com,17125,gaming
telegram.me,17120,social_media
bollywoodhungama.com,17075,entertainement
vm.tiktok.com,17016,content/video
masteringthezodiac.com,16966,unsure
cstoysjapan.com,16957,monetization/stores
ppci.me,16951,unsure
tyt.com,16818,news
ea.com,16775,gaming
booking.com,16774,other
cnet.co,16769,news
chess24.com,16762,content/video
depop.com,16759,monetization/stores
euronews.com,16710,news
warriortrading.com,16701,monetization/courses
teknoaxe.com,16683,content/music
strawpoll.me,16677,other
motube.us,16648,unsure
brailleskateboarding.com,16613,monetization/stores
hustlerskungfulifeskills.com,16568,unsure
geo.tv,16558,news
appsto.re,16496,url_shorteners
mrlocario.com,16467,unsure
wikigameguides.com,16338,gaming
dailybooth.com,16330,other
cantiques.karaokes.free.fr,16319,content/music
thekaraokechannel.com,16318,content/music
budoland.com,16309,other
nblast.de,16289,unsure
itunes.com,16276,monetization/stores
scribd.com,16259,other
clipahoy.com,16225,unsure
hive.co,16206,unsure
livevisionz.com,16199,unsure
hlntv.com,16197,news
8wayrun.com,16160,gaming
wildfilmsindia.com,16145,content/video
store.epicgames.com,16127,monetization/stores
monstercat.com,16082,content/music
bollywoodkibaten.blogspot.in,16058,entertainement
sanskargroup.in,16052,unsure
zappos.com,15980,monetization/stores
m.soundcloud.com,15973,content/music
paradoxplaza.com,15954,gaming
firstindianews.com,15934,news
subscriptionboxmom.com,15869,unsure
hi-in.facebook.com,15821,social_media
gog.com,15816,monetization/stores
behindwoods.com,15725,entertainement
gg.gg,15722,url_shorteners
chessworld.net,15700,unsure
s.click.aliexpress.com,15690,monetization/affiliates
pastemagazine.com,15666,content/music
tgn.tv,15613,gaming
ford.to,15573,url_shorteners
jaimaharashtranews.tv,15562,news
vgfaq.com,15547,gaming
abcnews.go.com,15503,news
nsdx.uk,15502,unsure
hungama.com,15499,content/music
apple.com,15493,unsure
ctt.ec,15466,url_shorteners
gamecapture.com,15443,unsure
kmbc.com,15423,news
itsh.bo,15385,url_shorteners
coolstuffinc.com,15355,monetization/stores
nas.cr,15327,url_shorteners
supercell.com,15272,gaming
tacklewarehouse.com,15263,monetization/stores
channel4.com,15249,content/video
gbe.st,15220,url_shorteners
mediaboxent.com,15215,unsure
toneden.io,15197,unsure
nbctv.tumblr.com,15165,other
fav.me,15158,url_shorteners
nbcsports.com,15157,news
rsg.ms,15157,unsure
yoyoiptv.com,15148,unsure
traktrain.com,15147,monetization/stores
psnprofiles.com,15133,gaming
loots.com,15127,unsure
slideshare.net,15112,other
kelleyrosano.com,15092,other
grm.my,15079,unsure
dota2.com,15070,gaming
dreallday.com,15050,unsure
mrsuicidesheep.com,15037,content/music
sonotekcassette.com,15033,unsure
creativemediagroup.com,15032,other
gtainside.com,15030,gaming
abc.net.au,15018,news
amzn.eu,15007,monetization/affiliates
juno.co.uk,14931,monetization/stores
uploadfiles.eu,14880,utils
adorama.com,14836,monetization/stores
esnewsreporting.com,14801,news
kollegekidd.com,14801,entertainement
catersnews.com,14782,news
cut.com,14780,content/video
mtglion.com,14772,unsure
ruggedreserves.com,14757,monetization/stores
alpha.wallhaven.cc,14734,other
aukcja.kipa.be,14673,unsure
worldofdance.com,14667,entertainement
ccmixter.org,14658,content/music
wapt.com,14658,news
gamebanana.com,14652,gaming
forum.scssoft.com,14628,other
boishakhi.media,14586,news
bethesda.net,14579,gaming
go.att.com,14570,url_shorteners
deejay.de,14557,monetization/stores
mattgranger.com,14546,content/portfolios
streetsideclassics.com,14544,monetization/stores
rebrand.ly,14542,url_shorteners
imojo.in,14537,unsure
voanews.com,14528,news
dicetower.com,14519,content/video
londonreal.link,14447,unsure
trapcity.tv,14432,content/video
modhoster.com,14421,gaming
news18.com,14387,news
nes-snes-sprites.com,14377,gaming
netflix.com,14362,content/video
bubble-witch-saga.se,14348,gaming
smarturl.id,14292,url_shorteners
2pgame.com,14263,gaming
nflshop.com,14259,monetization/stores
nflnonline.nfl.com,14246,entertainement
filmibeat.com,14243,entertainement
nintendo.com,14226,gaming
valleycentral.com,14192,news
aetv.us,14171,unsure
payhip.com,14162,monetization/stores
nbagleague.com,14135,entertainement
incompetech.com),14086,content/music
nicovideo.jp,14069,content/video
indianexpress.com,14051,news
amctheatres.com,14045,entertai nement
statsroyale.com,14021,gaming
pcpartpicker.com,13999,other
thenewsexposed.com,13976,news
tarangtv.in,13955,entertainement
fiba.com,13948,unsure
paulbegleyprophecy.com,13897,news
optionalpha.com,13891,unsure
blip.tv,13886,content/video
primrosekitten.com,13875,unsure
shemaroome.app.link,13858,url_shorteners
fbit.co,13833,unsure
fbl.me,13795,url_shorteners
j.gs,13794,url_shorteners
createspace.com,13757,other
redcarpetreporttv.com,13755,entertainment
rajasthanpatrika.patrika.com,13752,news
gogetfunding.com,13720,monetization/direct
wwenetwork.com,13618,content/video
epicgames.com,13596,gaming
khabar.ndtv.com,13591,news
stylistheather.com,13547,content/portfolios
go.volleyball.world,13538,unsure
10tv.in,13532,news
bhphotovideo.com,13519,monetization/stores
bbc.com,13501,news
sofarsounds.com,13467,content/music
junodownload.com,13451,monetization/stores
pexels.com,13436,unsure
oprah.com,13385,entertainement
bollywoodkibaten.com,13380,unsure
zipansion.com,13375,utils
mcprohosting.com,13325,gaming
link.epidemicsound.com,13317,content/music
getthetea.com,13301,entertainement
karafun.com,13300,content/music
therebel.media,13282,news
wwe.com,13252,entertainement
lokmat.news18.com,13242,news
businessinsider.com,13229,news
swarnavahini.lk,13210,content/video
clipadvise.com,13204,unsure
videohive.net,13204,monetization/stores
makeupgeek.com,13163,other
nfxshotnetwork.com,13139,unsure
theclassicarchives.com,13139,unsure
kcci.com,13136,news
nettv4u.com,13069,entertainement
m.me,13057,social_media
shop.bbtv.com,13049,monetization/stores
maximotv.com,13037,content/video
nhl.com,12994,unsure
prowrestlingtees.com,12992,monetization/stores
store.nba.com,12966,monetization/stores
nba.tumblr.com,12956,social_media
memphisdrumshop.com,12937,monetization/stores
bigrigtravels.com,12908,unsure
ravenprodesign.com,12873,content/portfolios
gematsu.com,12868,news
salln.net,12867,unsure
spinninrecords.com,12860,content/music
atnnews.tumblr.com,12841,news
pinterest.ca,12836,social_media
teamcoco.com,12833,other
patrickarundell.com,12833,unsure
zerohedge.com,12829,news
warthunder.com,12826,gaming
greenfieldpuppies.com,12822,monetization/stores
thedo.do,12816,unsure
nitra.do,12812,unsure
majority.fm,12810,unsure
yoyodaily.com,12788,unsure
cna.asia,12788,news
fightnetwork.com,12785,news
theotrade.com,12784,monetization/courses
fixtstore.com,12781,unsure
prudentmedia.in,12775,unsure
gerardcosmetics.com,12762,monetization/stores
movietalkies.com,12747,entertainement
giphy.com,12732,other
archive.org,12714,other
tradegeniusacademy.com,12712,monetization/courses
iskcondesiretree.com,12686,unsure
ck1t.ru,12661,unsure
streamelements.com,12621,unsure
ledgerwallet.com,12606,monetization/stores
morphebrushes.com,12596,monetization/stores
acepilot2k7.com,12591,other
7obu.com,12590,unsure
bluetablepainting.blogspot.com,12581,other
theverge.com,12579,news
gabruu.com,12579,entertainement
gamezplay.org,12574,gaming
expressoshow.com,12560,entertainement
cashforap.ps,12539,unsure
mtgtraining.com,12533,unsure
mmafighting.com,12530,news
collider.com,12526,entertainement
flipboard.com,12524,news
sports.abs-cbn.com,12494,news
audible.com,12490,other
join.quizgroup.com,12489,unsure
twitch.com,12486,social_media
bonfire.com,12472,monetization/merch
gmaregionaltv.com,12448,unsure
sovndwave.com,12440,unsure
mnot.es,12415,unsure
d.tube,12407,content/video
kinguin.net,12401,monetization/stores
cinemablend.com,12380,entertainement
link.bluedrake42.com,12352,unsure
fig-gymnastics.com,12329,other
gymnasticsdvd.de,12328,monetization/stores
boxycharm.com,12326,monetization/stores
freeemulator.com,12323,other
wgal.com,12294,news
ntv.co.ug,12256,news
channelstore.roku.com,12254,monetization/stores
newwaves.com,12246,unsure
jonsine.fanlink.to,12240,url_shorteners
seculartalkradio.com,12224,news
last.fm,12203,content/music
gamefanshop.com,12171,monetization/stores
hobotraveler.com,12150,other
usa.gtomegaracing.com,12148,monetization/stores
apnews.com,12146,news
drberg.com,12120,unsure
cleanharleys.com,12120,unsure
r.mker.tv,12102,unsure
ulta.com,12081,monetization/stores
tout.com,12040,content/video
speedgaming.org,12023,gaming
lynda.com,12022,monetization/courses
cardsinfinity.com,11989,monetization/stores
ncs.lnk.to,11979,url_shorteners
nedricknews.com,11977,news
nptel.iitm.ac.in,11965,monetization/courses
corsair.com,11957,other
udacity.com,11950,monetization/courses
video.foxbusiness.com,11946,news
onelink.to,11938,url_shorteners
uspstudios.co,11916,unsure
stumbleupon.com,11901,other
feeds.feedburner.com,11840,other
thetelugufilmnagar.com,11804,entertainement
hp.care,11799,unsure
theacc.com,11798,news
grove.co,11790,monetization/stores
chartguys.com,11786,monetization/courses
mlssoccer.com,11783,news
aryqtv.tv,11780,unsure
realmenrealstyle.com,11772,other
hellojuniper.com,11768,unsure
johnmellor.org,11750,unsure
adafru.it,11723,url_shorteners
indiaglitz.com,11696,entertainement
heroesofthestorm.com,11685,gaming
ffm.to,11634,url_shorteners
euroleague.net,11619,news
givetad.com,11585,unsure
theamazingseller.com,11558,monetization/courses
therealnews.com,11540,news
clashtournaments.com,11525,gaming
dukascopy.com,11498,other
tunein.com,11485,content/music
durianrider.com,11477,other
us.battle.net,11466,gaming
nbadleague.com,11450,unsure
ozee.com,11435,unsure
thevinnyeastwoodshow.com,11434,unsure
zack.watch,11429,unsure
dlive.tv,11406,social_media
web.roblox.com,11394,gaming
potomacbeads.com,11390,monetization/stores
pebbles.in,11389,other
criticalbench.com,11376,unsure
bornprettystore.com,11369,monetization/stores
magiclinks.org,11367,monetization/affiliates
city41.tv,11351,content/video
milb.com,11346,other
x17online.com,11345,entertai nement
bigmagic.tv,11319,content/video
modhub.us,11319,gaming
tutorialspoint.com,11314,unsure
iherb.com,11308,monetization/stores
washingtonpost.com,11306,news
tanny-raw.myshopify.com,11305,monetization/stores
eventbrite.com,11281,other
artofdota2.com,11246,content/portfolios
wynk.in,11235,content/music
whatculture.com,11202,entertainement
anrdoezrs.net,11197,url_shorteners
hooksounds.com,11160,content/music
link.clashroyale.com,11141,gaming
nesn.com,11089,news
hermitcraft.com,11067,gaming
purevpn.kloakatv.com,11061,monetization/sponsors
history.com,11060,news
eventvods.com,11056,content/video
uber.com,11043,other
fighthubtv.com,11024,content/video
j35.us,11023,unsure
bloomberg.com,11019,news
store.yogscast.com,11019,monetization/stores
hardreset.info,11013,unsure
traxsource.com,11004,content/music
shop.wwe.com,11002,monetization/stores
hsn.com,11001,monetization/stores
digitaltrends.com,10994,news
yesnet.me,10981,unsure
longplays.org,10978,content/video
faceculture.com,10974,content/music
survivalonpurpose.com,10968,other
lionelmedia.com,10959,unsure
venmo.com,10906,monetization/direct
enca.com,10900,news
playstation.com,10874,gaming
927bigfm.com,10868,content/music
ft.com,10859,news
brave.com,10855,unsure
atpworldtour.com,10852,other
thmatc.co,10840,unsure
executiveinterviews.biz,10838,unsure
electronicgamersleague.com,10822,gaming
tfpc.in,10814,unsure
dariodaversa.com,10807,unsure
92newshd.tv,10789,news
fishchick.com.au,10788,other
jaimaharashtranews.com,10782,news
stingray.com,10745,content/music
gopro.com,10717,monetization/stores
jaminthevan.com,10707,content/video
yourastrologysigns.com,10701,other
blogtv.com,10701,content/video
yogscast.com,10701,other
prntscr.com,10698,url_shorteners
mylifetime.com,10695,entertainement
galmhd.tumblr.com,10685,social_media
justkiddingfilms.bigcartel.com,10668,monetization/stores
andro4fun.blogspot.ie,10661,unsure
radaan.tv,10654,content/video
residentadvisor.net,10648,news
dainiksaveratimes.com,10641,news
yourquote.in,10638,unsure
2ggaming.com,10629,gaming
robertsspaceindustries.com,10627,other
gyazo.com,10621,other
v.douyin.com,10600,content/video
on.rt.com,10596,url_shorteners
socialblade.com,10592,other
newsworldodisha.com,10590,news
wcvb.com,10554,news
thequint.com,10553,news
hirunews.lk,10549,news
fbuy.me,10546,url_shorteners
smo.sh,10533,url_shorteners
hollywoodlife.com,10527,entertai nement
bulldogmindset.com,10497,unsure
store.dftba.com,10494,monetization/stores
newvegas.nexusmods.com,10482,gaming
salbiadora.com,10464,unsure
hindi.thequint.com,10450,news
cnn.com,10449,news
target.com,10444,monetization/stores
bluetablepainting.com,10441,content/portfolios
churchmilitant.com,10437,news
jesus-comes.com,10428,other
thechartguys.com,10425,other
thrustmaster.com,10403,monetization/stores
wlwt.com,10401,news
fao.org,10386,legal/reference
preparewithgary.com,10380,other
looted.by,10378,unsure
astro.family,10378,other
whiteninglightning.com,10363,monetization/stores
video.ntvbd.com,10353,content/video
sportsbookreview.com,10345,unsure
8wayrun.tv,10340,content/video
sh.st,10338,url_shorteners
youpartnerwsp.com,10336,monetization/affiliates
mlpl.link,10335,unsure
sendspace.com,10329,utils
sidemenclothing.com,10329,monetization/stores
ellenhutson.com,10323,monetization/stores
m.tiktok.com,10321,social_media
stardust.app.link,10313,unsure
airsoftgi.com,10300,monetization/stores
people.com,10299,entertainement
outfit7.com,10292,other
frdr.us,10292,url_shorteners
thesimsresource.com,10287,other
thesun.co.uk,10276,news
sportsnet.ca,10265,news
freeform.go.com,10258,entertainement
g.co,10257,url_shorteners
nj1015.com,10251,news
m-wav.com,10250,unsure
zzangkaraoke.com,10250,content/music
minecraft.curseforge.com,10237,gaming
freesfx.co.uk,10236,content/music
championshipproductions.com,10217,unsure
1spotmedia.com,10213,unsure
indiegogo.com,10212,monetization/direct
televisionjamaica.com,10208,news
roosterteeth.com,10194,content/video
featu.re,10183,url_shorteners
razerzone.com,10181,unsure
beanymansports.com,10181,unsure
gammagamers.com,10177,gaming
bric.me,10173,unsure
foursquare.com,10172,social_media
newsnation.in,10153,news
clicktotweet.com,10153,utils
click.dji.com,10142,unsure
gtaworldyt.tumblr.com,10103,other
tee.pub,10101,url_shorteners
sribalajivideo.com,10092,unsure
cubedhost.com,10089,other
forms.gle,10083,legal/reference
stephengeorg.com,10082,unsure
jkmedia.net,10082,unsure
weareworship.com,10069,content/music
c418.bandcamp.com,10043,content/music
greetname.com,10033,unsure
thingiverse.com,10017,other
fandangonow.com,10001,content/video
